customer_id,name,city,signup_date
1,Molly Garcia,Markbury,2024-04-26
2,Darrell Anderson,Woodtown,2024-09-04
3,Tyler Peters,Smithview,2025-01-30
4,Jonathan Lopez,West Jimton,2024-09-22
5,Dustin Williams,West Leslie,2025-02-07
6,Sabrina Williamson,New Ivan,2024-09-27
7,Daniel Johnson,Lake Nicole,2025-06-05
8,Amanda York,Lake Justinborough,2025-02-05
9,Bryan Murphy,Lake Elizabeth,2023-09-09
10,Dr. Dylan Petersen MD,Lake Katelyn,2024-01-14
11,Richard Williams,Dawnshire,2023-10-24
12,Julie Ferguson,New Katie,2024-01-30
13,Carlos George,South Nicole,2024-09-19
14,Samantha Carey,Stewartborough,2025-01-16
15,Shelby Reid,Aguilarmouth,2023-12-11
16,Lauren Hernandez,Rebeccaville,2023-09-12
17,Matthew Torres,Markport,2024-02-05
18,Michael Steele,Valdezstad,2025-01-16
19,James Howard,Lake Ryan,2024-04-24
20,Jacqueline Smith,New Normanbury,2024-05-17
21,Tiffany Levine,South Tammymouth,2025-02-28
22,James Rodriguez,West Cynthiaville,2025-08-08
23,Kimberly Davis,South Justinland,2024-11-10
24,Dr. Cassandra Smith,New Matthewfort,2023-09-03
25,Debra Sherman,Lake Jesusmouth,2024-07-23
26,Alan Meyer,Ericville,2024-01-02
27,Samuel King,South Jessicaborough,2024-12-09
28,Dennis Simmons,Youngland,2023-10-11
29,Elizabeth Kirby DDS,New Crystalbury,2024-04-05
30,Margaret Huang,Aguilarstad,2025-01-05
31,Daniel Singleton,Thomaston,2024-02-14
32,Kelsey Harrison,Elliottborough,2025-04-03
33,Christopher Meyer,South Andrew,2024-03-09
34,Justin Thomas,Kingberg,2024-12-15
35,Kimberly Lewis,Elizabethmouth,2024-08-12
36,Gina Brewer,North Steven,2023-08-31
37,Catherine Nelson,Hartview,2024-05-24
38,Devin Graham,Port Sean,2024-08-07
39,Jason Marshall,Sarahbury,2024-01-29
40,Nicholas Sellers,South Robert,2024-07-11
41,Tracy Smith,Samuelmouth,2025-04-11
42,Jack Moore,North Christopherville,2025-08-06
43,Jennifer Woods,North Danielstad,2025-03-02
44,Kimberly Thompson,Port Rubenland,2023-10-11
45,Eric Dean,Donaldtown,2024-05-30
46,John Tate,South Heidi,2024-08-27
47,Jennifer Mcguire,South Jerometon,2024-07-21
48,David Buckley,Carlsonmouth,2025-06-14
49,Alexander Medina,New Johnberg,2024-11-14
50,James Fritz,East Heather,2024-08-03
51,Donna George,Port Gregory,2024-11-17
52,Cameron Johnson,Williamberg,2024-02-29
53,Mr. Kevin Hunt DDS,East Andrewbury,2025-02-09
54,Andrea Boone,Port Breannahaven,2024-11-18
55,Loretta White,Lake Stephanie,2025-05-21
56,Ashley Kelly,Angelaport,2024-02-04
57,Tyler Lopez,South Veronicaton,2024-10-25
58,Thomas Hart,East Ashleymouth,2024-02-22
59,Evan Hopkins,Perrymouth,2024-03-09
60,Kenneth Fleming,West Steven,2023-12-07
61,Carolyn Boyd,West Mark,2024-09-09
62,Kimberly Acosta,New Dustinview,2025-04-23
63,Chelsea Crosby,New Jennaport,2024-09-28
64,Jason Jones,West Deborahberg,2024-01-10
65,Sarah Bradley,Scottside,2024-10-04
66,Christina Noble,Johnsontown,2025-07-30
67,Chelsea Lopez,New Cynthia,2023-10-18
68,April Gonzales,Samanthaborough,2025-08-12
69,Stephen Smith,East Shelby,2023-12-28
70,David Gilbert,Port Amanda,2023-10-18
71,Nicole Obrien,Amyfurt,2024-04-09
72,Joseph Shelton,Bensonbury,2024-01-02
73,Kara Williams,North Christopherside,2024-03-31
74,Albert Alvarez,West Jessicastad,2025-07-01
75,Kirk Brown,East Markside,2024-12-24
76,Melanie May,Stevenstown,2023-11-17
77,Natalie Wood,Port Susan,2024-12-01
78,Robert Mann,New Josemouth,2024-06-02
79,Lawrence Moore,South Ashley,2023-11-04
80,Juan Suarez,Jenniferfort,2024-06-06
81,Andres Kelly,Angelicachester,2024-09-22
82,Lindsay Grant,Sydneychester,2025-03-27
83,Christine Michael,Russellchester,2023-12-16
84,Alexis May PhD,Kennedyfort,2024-10-05
85,Kathleen Kaufman,Knightmouth,2024-05-19
86,Anthony Moore,Tylerhaven,2025-07-27
87,Shaun Hester,Tiffanychester,2024-05-23
88,Donna Leonard,Williamsfort,2024-07-15
89,John Chen,Ryanfurt,2023-11-19
90,Wayne Murray,Ryanstad,2024-03-13
91,Natasha Strong,Donaldburgh,2023-09-02
92,James Cohen,Natalieside,2025-06-03
93,Sarah Mcgee,South Carl,2024-01-08
94,Shane Peters,Rachaelstad,2024-09-11
95,Shannon Chase,South Amandashire,2025-07-03
96,Jason Copeland,Lake Richardshire,2024-03-21
97,Barbara Lawson,West Carmenville,2024-10-01
98,Terry Williams,Kellybury,2023-09-10
99,Sherri Ramirez,Port Richardfurt,2024-02-26
100,Lance Hines,New Teresa,2025-01-29
101,Caroline Cooper,North Williamberg,2024-04-09
102,Johnathan Lopez,East Deborah,2023-08-31
103,John Hale,West Matthew,2024-07-22
104,Regina Mann,Port Lisaborough,2025-05-05
105,Darrell Thomas,Prattport,2024-04-10
106,Michelle Williams,North Peter,2024-05-23
107,Susan Sanchez,Lake Kerriburgh,2024-07-04
108,Jonathan Best,West Johnberg,2024-04-19
109,Eric Williams,North Ashleyfort,2025-03-08
110,Mr. James Ingram,North Francisco,2025-08-14
111,Jessica Newton,Craigmouth,2023-11-04
112,Karen Chavez,Murraychester,2023-09-19
113,Jared Freeman,South Amanda,2024-07-05
114,Pamela Hickman,North Yeseniaport,2024-08-12
115,Micheal Carey,North Robin,2024-12-13
116,Darren Mccormick,Sullivanbury,2024-02-14
117,Deanna Conley,Annaburgh,2024-10-06
118,Sarah Rodgers,Freemanhaven,2024-07-27
119,Lauren Richardson,Michaelberg,2025-08-24
120,Jacqueline Reed,New Donna,2025-08-05
121,Kathryn Estrada,Vaughnburgh,2024-05-23
122,Lori Gould,Lisafurt,2024-02-15
123,Diane Edwards,Richardside,2025-08-18
124,Julia Jones,Lisatown,2024-08-14
125,Andrew Reynolds,Josephport,2025-05-07
126,Shannon Hardy,West Jessicaburgh,2024-01-22
127,Elizabeth Jackson,South Jonathanchester,2025-04-18
128,Kayla Scott,Lisatown,2023-09-12
129,Deanna Stafford,Williamburgh,2025-04-10
130,Jacob Moran,East Tiffany,2024-11-29
131,Tara Diaz,South Hannah,2025-08-12
132,Ronald Braun,Lake Catherineside,2024-02-29
133,Marcus Kelley,North Aaron,2023-10-04
134,Jennifer Anderson,Adamfurt,2024-11-20
135,Paul Davies,North Deborahton,2023-12-26
136,Jerry Donovan,North Rebeccaberg,2025-01-07
137,Vanessa Jones,Port David,2024-02-28
138,Anthony Sullivan,Thomaschester,2023-12-23
139,Tyrone Baker,New Michaelhaven,2025-04-12
140,John Hill,Port Omarfurt,2024-04-22
141,Charles Martin,Port Chaseburgh,2025-08-13
142,Amy Adams,Mitchellview,2023-12-13
143,Steven Gonzalez,Hubbardview,2023-11-29
144,Cory Mann,Port Karenfurt,2024-08-12
145,Rachel Parker,New Cheyennemouth,2025-02-07
146,Edwin Ayala,Singhhaven,2023-12-15
147,Yolanda Johnson,Williamsstad,2025-07-07
148,Matthew Fisher,Craigville,2025-01-25
149,Julia Sanchez,Gabrielaborough,2023-12-01
150,Matthew Williams,Paynechester,2025-01-22
151,Amanda Lowery,Bassberg,2025-05-01
152,Holly Barker,East Markmouth,2024-09-01
153,Deborah Williams,Smithbury,2024-08-03
154,Martin Davis,Johnsonfort,2025-07-21
155,Sean Blake,North Cody,2024-08-05
156,Mike Nunez,Natalieview,2025-06-23
157,Doris Sanchez,North Daniel,2025-03-24
158,Eric Ewing,Hartmanview,2024-10-03
159,Heather Welch,Robinsonshire,2025-01-29
160,Matthew Lynn,East Geraldshire,2024-09-14
161,Erin King,Davidmouth,2024-02-21
162,Audrey Johnson,New Joycemouth,2025-02-16
163,Jeffrey Williams,Port Lauren,2025-08-22
164,William Cole,Desireeshire,2024-05-11
165,Dalton Edwards,Lake Jeremy,2025-07-11
166,Carlos Young,Hollandport,2024-12-12
167,Sean Soto,Lake Lisa,2024-09-01
168,Joshua Crosby,Port Ashley,2024-04-27
169,Keith Galvan,South Andrewside,2025-04-10
170,Samantha Valdez,Ritashire,2025-05-03
171,Brandi Harrison,Jacksonport,2024-12-15
172,Guy Cummings,Roachfurt,2025-07-27
173,Christina Jacobson,North Donnaborough,2024-03-26
174,Diane Jordan,New Jennifer,2024-12-18
175,Megan Davis,Arthurstad,2024-07-29
176,Ashley Fletcher,Tinaville,2025-01-11
177,Jeffrey Moss,Prattchester,2025-03-01
178,Kyle Perez,Davidsontown,2024-10-11
179,Amy Clark,North Brandi,2024-03-18
180,Justin Hawkins,South Amberstad,2025-05-11
181,Monica Benitez,North Garyton,2025-06-30
182,Matthew Solomon,Port Diana,2025-01-17
183,Ronald Jimenez,Collinsfurt,2024-09-19
184,Kimberly Sanchez,Port Michaelton,2024-06-14
185,Mark Morgan Jr.,New Amberborough,2025-01-26
186,Edward Bush,Cannonberg,2024-05-07
187,Joshua Vargas,Brianland,2024-03-28
188,Kimberly Welch,West Jonathanstad,2024-01-22
189,William Rodriguez,South Sonyaberg,2024-01-12
190,Alyssa Powell,Lake Kennethview,2024-02-28
191,Ryan Taylor,Port Robin,2025-03-01
192,Kenneth Bryant,Tylerport,2024-09-14
193,Brenda Frye,East Donna,2024-10-10
194,Mrs. Sara Stone,North Jason,2023-10-02
195,Jessica Thomas,New Isabelville,2024-04-19
196,April Thompson,Watkinsberg,2025-07-10
197,Mark Mendez,West Stevenhaven,2024-10-09
198,Laura Harris,Lake Donaldchester,2024-01-20
199,Adam Malone,South Sierra,2025-01-13
200,Duane Leonard,Port Ryan,2024-06-01
201,Anna Nielsen,South Trevor,2024-10-23
202,Daniel Bowers,Stevenburgh,2025-05-10
203,Charlene Allen,East James,2024-08-07
204,Rachel Acevedo,West Michele,2024-03-09
205,Tina Duran,East Kristiland,2024-05-26
206,Stephanie Moore,Kathyfurt,2024-10-20
207,Jennifer Adams,Mariastad,2025-01-16
208,Eric Hines,East Selenastad,2025-01-02
209,Cynthia Wilson,New Gary,2025-05-16
210,Cathy Stanley,Diazfurt,2023-10-08
211,Mario Chen,West Michael,2025-08-27
212,Jon Gordon,Aaronmouth,2024-04-06
213,Alexander Miller,Lake Alexandramouth,2024-07-17
214,Kevin Rogers,Michaelborough,2025-06-28
215,Richard Austin,Port Angela,2024-01-23
216,Rebecca Bailey,South Haley,2025-03-31
217,Carrie Duffy,Frankhaven,2024-09-06
218,Jessica Orr,Masonside,2025-05-10
219,Cynthia Lane,New Amanda,2025-08-17
220,Eric Anderson,Baileyhaven,2024-07-15
221,Michelle Figueroa,New Granttown,2024-03-22
222,Melissa Dean,Port Patrickshire,2025-05-28
223,Justin Oliver,Johnsonfurt,2024-11-02
224,Michelle Taylor,North Rebecca,2024-01-29
225,Michelle Booth,Fisherport,2023-10-01
226,Dr. Michael Lopez,Melissafort,2024-06-06
227,Kristina White,South Elizabethberg,2025-04-04
228,Dr. Mary Robles,Debbiefurt,2024-04-07
229,Jeremy Lane,New Julie,2024-11-18
230,Ashley Thomas,Perezchester,2024-09-27
231,Kristen Riley,Valerieshire,2023-12-16
232,Anthony Steele,Shannonshire,2024-06-11
233,Jeffrey Jones,Jonesland,2024-10-05
234,Riley Elliott,Ethanfurt,2024-05-30
235,Nathan Andrews,North Abigailland,2025-04-18
236,Fernando Campbell,South Rossfort,2024-09-08
237,Christine Odonnell,East Jasonchester,2024-02-15
238,Danny Patel,South Kathryn,2025-07-04
239,Brittany Cruz,Riversburgh,2025-08-29
240,Desiree Stafford,Danielview,2025-03-15
241,Benjamin Stevens,Waltersview,2024-05-02
242,Matthew Payne,Grahamstad,2023-12-01
243,Daniel Ward,Jessicachester,2023-12-09
244,Carolyn Newman,Smithview,2024-01-24
245,Daniel Nelson,South Markmouth,2024-12-04
246,Willie Johnson,Mayshire,2025-07-24
247,Tina Snyder,North Justinview,2024-01-14
248,Ana Galloway,West Jason,2024-06-26
249,Michael Henson,West Kayla,2023-11-13
250,Daniel Miller,Karenhaven,2024-03-26
251,Victoria Henderson,Anthonyhaven,2025-07-05
252,Alyssa Bradley,Rosebury,2025-07-07
253,Christine Alvarado MD,Michaelbury,2025-02-17
254,Kevin Keller,Millerhaven,2024-07-08
255,Michelle Carter,Avilastad,2025-06-19
256,Sean Ortiz,Andersonchester,2024-03-06
257,Alexander Bradley,New Ernest,2025-08-21
258,Brandon Lee,Josephhaven,2023-10-02
259,Jason Cochran,Lake Jose,2024-06-19
260,Kevin Roach,Meadowshaven,2024-02-28
261,David Blair,Padillaton,2023-09-06
262,Jeffery Reyes,West Barbara,2024-05-04
263,Kimberly Ward,New Tamaratown,2024-04-28
264,Michael Coleman,Jefferyside,2024-09-09
265,Erik Baker,South Paulview,2025-07-24
266,Robin Harris,Millerchester,2025-07-11
267,Paul Clark,South Ann,2025-07-30
268,Joseph Bentley,Holtfurt,2024-10-11
269,Michael Lawson,Lake Natasha,2025-01-09
270,Robert Adkins,Henryton,2025-08-17
271,Terry Reed,Sosaburgh,2025-03-07
272,Sarah Campbell,Elizabethfort,2023-10-24
273,Dawn Gibbs,Rebeccamouth,2025-07-23
274,Laura Boyer,East Clayton,2025-03-11
275,Michael Jensen,West Peter,2025-07-12
276,Martin Hernandez,Lake Devin,2023-10-02
277,Amanda Patrick,Jillianmouth,2024-07-16
278,Ronald Robinson,South Julie,2023-10-02
279,Angela Cox,East Michaelborough,2024-03-03
280,Shawn Watkins,Wardborough,2025-07-31
281,Emily Delgado,Cunninghamhaven,2024-11-23
282,Nichole Rhodes,East Danny,2023-09-03
283,Pamela Collins,West Michael,2024-12-20
284,Jennifer Figueroa,Alvarezmouth,2025-02-11
285,Shelly Davis,South Andrewmouth,2025-04-05
286,Kevin Moore,West Susan,2023-09-07
287,Elizabeth Weber,Port Veronicaport,2024-04-08
288,Richard Richard,Lake James,2024-01-11
289,Steven Bryant,Port Christine,2024-04-19
290,Dustin Thompson,Boothmouth,2025-05-12
291,Kimberly Diaz,West Stacyland,2024-02-15
292,Jessica Moore,South Stevenville,2024-08-08
293,Ashley Cameron,Villegastown,2025-08-11
294,Jamie Humphrey,East Brucebury,2023-11-21
295,Kenneth Wilson,South Kerrimouth,2024-03-16
296,Amy Brown,Maryborough,2025-06-23
297,Jessica Rodriguez,Jessicaland,2024-01-29
298,Darrell Escobar,Andersonville,2025-02-09
299,Derek Callahan,Brittanyshire,2025-05-12
300,Scott Allen,South Melissa,2025-04-10
301,Benjamin Leonard,West Marissa,2025-06-03
302,Jennifer Pierce,Port Anthony,2023-10-23
303,Jessica Martinez,Rayfurt,2024-08-14
304,Kathleen Todd,West Curtisstad,2025-07-23
305,Amanda Graves,Davidstad,2024-01-12
306,Laura Francis,North Lynn,2025-02-01
307,Kathy Fuentes,Parkerland,2025-06-09
308,Michael Jackson,Knightfort,2025-08-11
309,Mason Figueroa,Lukeland,2023-11-05
310,Luis Kennedy,Lynnport,2025-08-30
311,Patrick Steele,Rodneystad,2024-10-11
312,Pamela West,Popebury,2025-04-27
313,Kathryn Myers,New Joshualand,2024-12-28
314,Brian Bowman,South Jonathan,2023-10-06
315,Joseph Cruz,Lake Julie,2025-02-12
316,Kevin Wheeler,Wellsside,2025-04-08
317,Christine Hardin,South Reginamouth,2024-01-17
318,Craig Wright,East Brandonburgh,2025-02-18
319,Jeffrey Cannon,Melaniemouth,2024-01-20
320,Joseph Brooks,North Kristin,2025-06-29
321,Julie Miller,South Nicholas,2025-07-05
322,Kristy Garrett,Gardnerside,2024-02-16
323,Brittney Allen,South Thomasberg,2025-01-27
324,Xavier Gonzalez,South Emily,2024-10-28
325,Mrs. Sheri Williams,Wagnerton,2024-03-21
326,Laura Nichols,South Rebekahshire,2023-09-30
327,Willie Swanson,Martinfort,2024-07-28
328,Jeremy Lee,Mooreview,2025-05-05
329,Haley Rangel,West Kevinborough,2023-10-24
330,Ashley Foster,Christopherfurt,2024-11-05
331,Chad Hill,North Kathleen,2025-06-17
332,Gabriela Davis,Collinsfort,2024-04-13
333,Rodney Coleman,Sheppardburgh,2025-05-12
334,Andrew Hobbs,New Crystalburgh,2025-05-14
335,Matthew Johnson III,Pughland,2024-05-28
336,Jonathan Ortiz,Michelleview,2024-06-12
337,Adam Melendez,Michaelhaven,2025-01-04
338,Antonio Campbell,North Charlene,2023-12-28
339,Adam Ray,New Stacey,2024-05-31
340,Jamie Martinez,Rebeccamouth,2024-10-01
341,Abigail Mcdowell,Port Charleshaven,2024-03-10
342,Joseph Mckenzie MD,Angelachester,2025-05-26
343,Cynthia Crawford,Davidhaven,2024-02-17
344,Daniel Alexander,Angelview,2024-04-04
345,Wanda Miller,New Aprilburgh,2025-03-17
346,Katherine Peterson,Port Andrew,2025-04-23
347,Allison Garcia,West Amanda,2024-05-03
348,Ryan Patton,Websterberg,2025-02-13
349,Heather Bennett,Lake Brittany,2024-02-19
350,Mary Kim,East Debraville,2024-05-07
351,Elizabeth Davis,Lake Kimberly,2024-09-09
352,Isabel Cunningham,Hawkinsbury,2025-04-27
353,Kevin Ramirez,Torresborough,2025-02-08
354,Angela Long,Ronaldborough,2025-04-03
355,Antonio Holland,Thomasburgh,2024-12-15
356,Tamara Spencer,Georgefurt,2025-03-13
357,Dr. Penny Chang MD,New Dawnfort,2024-02-10
358,Sarah Haas,Williamsshire,2023-12-03
359,Craig Brown,Barbaraland,2024-07-26
360,Kathryn Berry,Gutierrezborough,2025-06-25
361,Ariana Perkins,South Douglas,2023-12-22
362,Denise Hicks,Chapmanshire,2024-03-25
363,William Chavez,Nortonport,2024-11-09
364,Jessica Brown,Dustinberg,2025-02-21
365,Monica James,South Tylerborough,2024-01-07
366,Anthony Hernandez,Philipstad,2024-08-03
367,Johnny Weaver,Howardside,2025-06-09
368,Tara Wilkins,Ericaland,2024-12-21
369,Dawn Guerrero,Jonesborough,2025-06-23
370,Lisa Stephens,Popeville,2024-02-11
371,Thomas Wheeler,Port Michael,2024-05-28
372,Jason Smith,North Melissa,2024-10-22
373,Alexis Murillo,East Alisonfurt,2023-09-14
374,Rhonda Barron,West Jeffrey,2025-04-05
375,Brianna Wallace,East James,2024-05-28
376,Cindy Patel,Dodsonburgh,2024-02-29
377,Anna Hoffman,South Jennifermouth,2024-04-22
378,Cynthia Huang,Powellview,2025-01-27
379,Brandon Haney,Lake Christopher,2023-12-14
380,Nicholas Cervantes,Port Sabrinaville,2024-08-07
381,Alexa Thomas,North Sharonburgh,2024-09-11
382,Cindy Lambert,Lake Cameron,2025-05-13
383,Kathryn Rodriguez,Conleybury,2024-08-29
384,Thomas Jackson,South John,2025-02-24
385,Jason Perez,Veronicashire,2023-10-25
386,Sean Evans,West David,2024-09-08
387,Stacey Page,Dillonbury,2025-05-17
388,Rhonda Jackson,Port Nicole,2024-01-03
389,Richard Shields,Timothyville,2025-01-06
390,Erin Henderson,Woodfort,2024-10-19
391,Nicole Murphy,Lake Amy,2024-08-27
392,Thomas Bell Jr.,Wintersmouth,2024-07-27
393,Christine Pearson,Samanthaton,2025-08-10
394,Robin Hunt,South Janetfurt,2023-10-09
395,Regina Weiss,West Brianland,2024-09-16
396,Tracy Swanson,East Melissaport,2024-07-18
397,Jason Williams,Ortegaberg,2024-10-08
398,Jenna Hall,Mccormicktown,2025-07-13
399,Rebekah Carr,Hopkinschester,2025-02-23
400,Curtis Howell,South Sarah,2025-03-27
401,Brandon Cortez,Castillohaven,2025-07-20
402,Jamie Montoya,Lake Codytown,2025-08-22
403,Jessica Roth,East Shannon,2024-08-08
404,Matthew Wood,Aguilarstad,2024-09-14
405,Brian Jackson,South Robertfurt,2024-03-21
406,Mrs. Lisa Freeman MD,South Brianport,2023-11-08
407,Ruth Thompson,South Deniseshire,2024-03-15
408,Charles Hull,Edwardshaven,2024-12-09
409,Thomas Reid,East Donald,2024-08-09
410,James Bradley,East Joshua,2024-09-01
411,Jamie Cox,West Brianstad,2024-03-31
412,Mary Hamilton,West Yvonneburgh,2024-08-01
413,Michael Bowman,West Evanfort,2024-04-26
414,Cody Bonilla,Jamesville,2025-08-16
415,Jennifer Smith,South John,2023-10-16
416,Victor Mosley,Carrillomouth,2024-09-05
417,Ashley Stokes,New Kiara,2025-06-15
418,Joshua Wood,Port Kimberly,2024-02-06
419,Christopher Walker Jr.,Lake Christopherchester,2024-04-17
420,Lorraine Cross,Wallacefort,2025-07-18
421,Mary Hendricks,Schroederville,2025-05-26
422,Carmen Johnston,West Daisy,2025-01-11
423,Richard Byrd,Morganchester,2025-04-02
424,Lisa Gardner,Justinville,2024-06-12
425,John Adams,Oliviaview,2023-12-29
426,Mark Brown,Port Scottport,2024-12-03
427,Sharon Lewis,West Matthewside,2024-07-04
428,Brittany Barton,Allisonfort,2025-08-23
429,Jennifer Rodriguez,Kellyhaven,2025-06-13
430,Bradley Simpson,Kimfurt,2025-01-19
431,Terri Boyer,Harveyberg,2023-10-04
432,Taylor Foster,Williammouth,2025-06-14
433,Justin Rodriguez,Alexandermouth,2025-08-22
434,Brittany Garrett,Lake Hannah,2023-12-05
435,Jeffrey Morales,Philipshire,2024-08-31
436,Mr. Jason Shaw,South Fernando,2025-07-20
437,Kristin Simmons,Westberg,2025-04-03
438,Michael Brown,West Donaldberg,2024-02-02
439,Christopher Proctor,East Keith,2025-01-09
440,Stephanie Rodriguez,Albertside,2024-01-27
441,Ryan Jackson,North Michelleland,2025-06-11
442,Joshua Meyer,Sandraville,2024-01-14
443,Richard Williams,North Shannon,2024-02-25
444,Nancy Jenkins,West Scottview,2023-12-15
445,Michelle Nguyen,East Angelaport,2023-12-19
446,Emily Williams,Ronaldport,2025-01-31
447,Debra Conway,Alexanderside,2023-11-14
448,Anna Hamilton,Trantown,2025-02-13
449,Debra Craig,Davidland,2024-05-04
450,Jennifer Burke,Millermouth,2024-04-14
451,Troy Fitzgerald,Melanieport,2023-10-08
452,Christopher Johns,West Brandyville,2025-06-17
453,Erica Bates,Pattersonshire,2023-12-13
454,Nichole Flowers,East Sarah,2025-04-16
455,Kimberly Anderson,Gutierrezfort,2024-06-14
456,Tyler Graham,Arthurshire,2025-07-21
457,Sarah Chapman,Randallmouth,2025-03-07
458,Erik Sandoval,Rhondatown,2024-12-09
459,Lauren Wade,Ellisport,2023-11-13
460,Matthew Deleon,Port Sherri,2025-08-17
461,Mark Ramirez,Myerston,2024-09-21
462,Kara Bryan,Port Daisyside,2024-05-06
463,Richard Beck,Whiteland,2025-01-14
464,Anna Paul,Lake Megan,2025-01-21
465,Gary Burke,West Jasonbury,2024-09-21
466,Mr. Scott Wright,New Leonard,2024-02-08
467,Benjamin Hubbard,Smithberg,2023-11-03
468,Christina James,North Cindyburgh,2025-06-26
469,Thomas Martinez,Hammondhaven,2024-05-10
470,Cynthia Bailey,Carriechester,2025-06-16
471,Jessica Davis,Jessicahaven,2024-10-18
472,Ronald Frazier,Shellytown,2024-06-10
473,Lisa Johnson,Lake Jorgeside,2024-01-09
474,Anthony Houston,Williamsshire,2024-03-07
475,Roy Washington,West Angela,2025-04-20
476,Dustin Sullivan,Jeffreyshire,2025-06-12
477,Mariah Pittman,Dawnhaven,2023-09-11
478,Daniel Reese,New Bethhaven,2024-06-22
479,David Pacheco,Lake Markchester,2023-10-06
480,Christopher Tate,South Juliefort,2023-12-12
481,Brian Boone,Lake Matthewburgh,2023-10-03
482,Elizabeth Wheeler,North Jamesport,2023-09-18
483,Robert King,New Sarahtown,2025-02-13
484,Jermaine Perez,Port Kimberlyville,2025-03-29
485,Jenny Lozano,Brownborough,2025-04-13
486,Diane Kelly,Solomonfort,2024-12-14
487,Deanna Morales,East Austin,2025-08-11
488,Jessica Moore,South Dylantown,2024-03-09
489,Kenneth Chaney,North Randallmouth,2024-06-19
490,Lisa Jones,Lake Jordanton,2023-12-11
491,Destiny Patterson,Port Julie,2025-04-02
492,Cody Cooper,Vickiebury,2023-11-30
493,Luis Buck,Faulknershire,2023-12-08
494,Dan James,West Joseph,2025-07-03
495,Laura Hunt,Jonathanmouth,2025-04-22
496,Brian Price,Matthewshaven,2024-03-22
497,Shawn Allen,South Nathan,2023-09-10
498,Amanda West,Robinsonborough,2024-01-31
499,Juan Anderson,Ashleyview,2025-04-02
500,Maria Paul,New Stacystad,2025-05-21
501,Tammy Miller,North Sarahton,2024-02-23
502,Victoria Anderson,East Amy,2024-05-08
503,Sandy Hernandez,Jonesberg,2025-04-21
504,Christina Baker,West Sharon,2024-12-24
505,Susan Smith,Darrellview,2023-10-24
506,Nancy Skinner,Reynoldsside,2023-09-08
507,Brian York,Port Michaelborough,2025-05-29
508,Felicia Meyers,Port Jake,2023-11-26
509,Dennis Allen,Michaelborough,2025-06-04
510,Connor Hale,South Victorfort,2024-09-09
511,Jennifer Ray,Garyport,2024-12-09
512,Megan Wright,Port John,2024-03-20
513,Lance Green,Sarahview,2024-12-07
514,Michael Flores,Maryville,2025-03-19
515,Robert Huffman,West Amber,2023-12-18
516,Sarah Myers,North Briana,2024-08-31
517,Michael Jennings,West Meganport,2024-09-11
518,Logan Davis,Burnschester,2024-11-30
519,Nicole Brown MD,Griffinland,2024-03-07
520,Melanie Johnson,East Michaelbury,2023-10-20
521,Erica Barton,Bowersfurt,2023-10-05
522,Lisa Moore,South Travis,2024-11-02
523,Danielle Wyatt,Michaelchester,2024-12-21
524,Jasmine Martinez,North Sarah,2025-08-17
525,Sherry Clark,Hollyland,2025-05-27
526,Kara Huerta,North Robert,2024-02-25
527,Luis Blair,Gordonmouth,2023-09-18
528,Debra Lawson,Port Matthew,2025-02-22
529,Billy Black,South Scottberg,2024-10-27
530,Christy Davis,Thomasbury,2023-09-04
531,Julie Macdonald,Patrickville,2024-10-11
532,Miguel Martin,Lake Joshua,2024-08-24
533,Cody Lynn,Robertberg,2024-06-27
534,Walter Clarke,North Haley,2023-10-23
535,Allison Singh,West James,2023-10-16
536,Sarah Foster,Ortegahaven,2023-10-24
537,Mr. Isaac Horn DVM,Lake Samuelburgh,2023-09-29
538,Nicholas Cox,West Eric,2024-10-03
539,Brad Rivera,North Maxwell,2025-02-25
540,Lisa Morris,Lake Lynnville,2023-12-20
541,Melody Forbes,Weekshaven,2024-02-17
542,Dorothy Terry,New Jonathan,2024-03-10
543,Lisa Sheppard,New Sharonmouth,2023-10-15
544,Robert Turner,East Michael,2024-10-02
545,Kathleen Donaldson,Clarencemouth,2024-10-07
546,Timothy Riddle,Kristinhaven,2023-12-08
547,Nicholas Mullins,Shawburgh,2024-12-15
548,Julie Johnson,East Jeffreyhaven,2024-11-23
549,Maria Gibbs,New Joshua,2024-05-01
550,Anthony Miller,New Emilyside,2024-02-26
551,Colton Randall,Lake Annebury,2025-03-03
552,Raymond Gonzalez,Port Angel,2024-04-23
553,Joseph Harris,East Brendaview,2023-09-08
554,Patrick Bowman,Port Yvonne,2024-05-12
555,Shelia Carter,South Edwardberg,2025-01-04
556,Roger Nguyen,Dylanhaven,2025-05-23
557,Lori Guerra,Kimberlystad,2023-09-25
558,Brenda Rivas,West Kevinfurt,2024-09-26
559,Wesley Moreno,South Thomas,2024-08-01
560,Terri Fuller,West James,2024-07-02
561,Tina Barker,Campostown,2023-11-06
562,Tammy Owens,East Melanie,2024-04-10
563,Alison Burton,West Tammyview,2023-10-18
564,Sarah Gilbert,Ruizville,2025-06-10
565,Matthew Singh,Mcdanielland,2025-01-16
566,Adrian Barrett,Lake Josephhaven,2024-03-27
567,Courtney Jennings,Herrerafort,2024-10-18
568,Michael Ellis,Anneberg,2024-11-07
569,Linda Martinez,Lake Christine,2024-12-08
570,Howard Rodriguez,North Cynthia,2025-03-25
571,Sabrina Watts,East Michelle,2025-02-15
572,Jennifer Shepherd,East Manuelchester,2025-03-23
573,Kevin Johnson,Lisaberg,2024-09-10
574,Valerie Sherman,Brianstad,2024-08-13
575,Kim Larsen,Josephburgh,2025-07-30
576,Danny Rocha,Flemington,2024-10-12
577,Miguel Martin,Lake Holly,2023-10-30
578,Philip Randolph,East Amber,2025-08-30
579,Wendy Lee,West Kathyburgh,2024-05-25
580,Lisa Reyes,West Donaldchester,2024-04-23
581,Christian Green,West Michael,2025-01-24
582,Isabella Ward,Allenburgh,2024-09-01
583,Kenneth Russell,Russellstad,2024-05-04
584,Meredith Wolfe,Snyderfort,2024-02-20
585,Steven Avila,West Courtney,2025-02-17
586,Kimberly Cruz,Andrewfurt,2024-01-10
587,Christopher Dennis,East Sarahfort,2024-08-04
588,George Gibbs,West Daniel,2024-01-17
589,Virginia Phillips,New Seth,2024-10-06
590,Justin Dixon,South Mario,2024-07-25
591,Susan Thompson,Kellyville,2025-02-06
592,Samuel Smith,Kevinville,2023-10-28
593,Cindy Olsen,Natalieshire,2023-12-14
594,Maxwell Bauer,Lake Tiffany,2023-09-22
595,Elizabeth Robinson,Port Jenniferburgh,2024-05-20
596,Regina Marshall,Port Yvonne,2025-01-12
597,Hector Torres,North Rebecca,2024-02-13
598,Sherry Snyder,Port Williamfurt,2024-02-15
599,Whitney Cabrera,Michaelport,2025-08-19
600,Andrea Oliver,Harrisview,2024-12-07
601,Benjamin Davila,Port Patricia,2024-06-13
602,Maurice James,South Scottborough,2024-08-30
603,Brittney Brown,Amystad,2024-08-25
604,Mary Morris,Port Andreton,2025-01-28
605,Eileen Williamson,Bonnieport,2023-12-29
606,Robert Schmidt,Davisville,2023-10-04
607,Tina Martin,South Deborahhaven,2024-07-23
608,David Jones,East Elizabeth,2025-06-02
609,Aaron Taylor,Jessicafort,2025-02-03
610,Gregory Summers,Horneburgh,2025-05-26
611,Donald Wilson,South Colleenfurt,2025-06-10
612,John Barnes,Marissaport,2025-05-29
613,Steven Owens,Lake Brandon,2024-08-14
614,Ellen Stewart,Sharpbury,2024-07-07
615,Mrs. Kristen Peters,Lake Jenniferville,2023-10-17
616,Edward Johnson,Mannview,2024-09-01
617,Joseph Berry,Reyesville,2024-04-10
618,Matthew Gomez,Lake Shane,2025-04-16
619,April Hansen,West Louis,2024-08-24
620,Jessica Powers,Port Justin,2024-06-28
621,Nicole Cox,South Adriana,2024-01-10
622,Anne Walker,Riveraburgh,2024-09-27
623,April Trujillo,Miguelshire,2024-07-24
624,Stephen Dixon,Marquezhaven,2023-12-31
625,Olivia Ruiz,Andreaview,2024-12-31
626,Courtney Ward,Port Jenniferport,2023-11-09
627,Audrey Johnson,Lake Jennifer,2024-01-23
628,Veronica Collier,Kimberlystad,2025-03-22
629,John Kidd,Kennethmouth,2024-03-02
630,Christopher Wise,New Joanna,2024-06-03
631,Richard Harris,South Christophertown,2024-04-10
632,Thomas Bennett,Elizabethfort,2024-11-23
633,Devin Barr,North Madisonmouth,2025-03-22
634,Sheri Eaton,Joshuaville,2025-03-31
635,Vanessa Brown,Andersonbury,2023-12-13
636,Alexandra Schmidt,Moralestown,2024-10-15
637,Justin Erickson,Kennethbury,2025-03-06
638,Brent Smith,East Kristin,2023-11-06
639,Mr. Brian Foster,Megantown,2025-03-02
640,Timothy Burgess,Michellebury,2024-06-28
641,Matthew White,Wintersville,2023-12-03
642,Dalton Harrison,Jillianmouth,2023-09-25
643,Molly Freeman DDS,New Ashley,2025-01-17
644,Margaret Johnson,New Joeberg,2023-12-08
645,Jessica Carson,Fullerchester,2023-12-24
646,George Harris,Josephton,2025-03-26
647,Bryan Wright,Meyerland,2024-07-18
648,Jackie Walters,Jenniferchester,2023-09-09
649,Christina Cherry,Dunnville,2024-12-05
650,Laura Wagner,Jefferyhaven,2025-06-02
651,Michael Thomas,Davidsonhaven,2025-01-05
652,Brett Brown,Christineview,2024-02-14
653,Allen Rodriguez,South Patrick,2023-09-29
654,Kristine Ball,Williamsbury,2024-03-14
655,Jennifer Moore,Lake Jennifer,2023-11-06
656,Elijah Smith,Richardshire,2024-06-12
657,Justin Lawrence,East Christopherhaven,2024-07-17
658,Jade Hardy,Lake Kevin,2023-10-10
659,Valerie Reese,Port Olivia,2024-03-04
660,Richard Rose,Rachelland,2023-12-01
661,Michael Morales,North Christina,2024-02-05
662,Daniel Phillips,Rachelport,2025-07-07
663,Danielle Villanueva,North Linda,2025-04-30
664,David Mckinney,Sabrinaton,2024-02-17
665,Michelle Holloway,Jasonton,2024-03-01
666,Colleen Morton,Lake Shaun,2024-12-09
667,Gregory Snyder,New Stevenport,2023-11-30
668,Kelsey Garrett,South Brandistad,2023-12-23
669,Veronica Jensen,South Danielshire,2024-10-10
670,Sherry Morgan,New Danielle,2023-12-11
671,Cheryl Ford,Lukehaven,2024-08-09
672,Mrs. Kristina Anderson,North Whitneyshire,2024-09-17
673,Alyssa Lloyd,North Paulshire,2025-06-17
674,Paige Taylor,Tinafort,2024-04-21
675,Timothy Robinson,Lake Brianna,2024-10-29
676,Michelle Simmons,Nicoleside,2024-12-26
677,David Howard,West Elijahshire,2024-12-25
678,David Jones,South Chloe,2025-01-26
679,Rebecca Shah,New Oscar,2024-01-29
680,Katherine Curtis,Lake Maryport,2023-09-23
681,Alan Martin,North Amber,2023-11-19
682,Hannah Harrell,East Kevinfurt,2024-12-04
683,Maria Wallace,Hurleymouth,2025-07-13
684,Vincent Briggs,North Matthew,2024-03-07
685,Michael Williams,Guyhaven,2024-10-15
686,John Williams,Pricehaven,2025-05-05
687,Craig Williams,Julieview,2025-03-19
688,Jennifer Smith,Jasonmouth,2024-03-11
689,Jon Thomas,Schroederfurt,2025-05-14
690,Rodney Green,New Emilyfort,2024-05-28
691,Steven Flores,Garyberg,2025-05-13
692,Melissa Ochoa,Marshallville,2023-11-07
693,Charles Thompson,New Wendyport,2024-11-16
694,Luis Johnson,Emilyton,2023-09-22
695,Brandi Wells,Hudsonland,2025-03-04
696,Harry Bowman,South Shannon,2024-01-10
697,Kathleen Floyd,Lake Jason,2023-09-12
698,Lori Espinoza,North Tiffanyville,2023-11-11
699,Melanie Roach,East Philip,2025-01-06
700,Manuel Fritz,North Robertview,2025-05-18
701,Daniel Mann,Richardshire,2024-04-09
702,Douglas Jenkins,Petertown,2025-06-21
703,Jennifer Bell,Port Robertstad,2023-12-04
704,Caitlin Chambers,North Brucemouth,2024-07-23
705,Charles Pierce,Port Kimberly,2024-06-05
706,Michael Nichols,Morganburgh,2024-11-25
707,Nathan Hines,Port Kellystad,2024-04-05
708,Gina Knight,Crawfordport,2024-03-05
709,Sharon Huffman,Johnsonhaven,2024-06-05
710,Rebecca Morrison,Turnerstad,2025-05-28
711,Erica West,Gonzalezhaven,2024-12-31
712,Elizabeth James,Port Tammyburgh,2024-05-26
713,Laura Thompson,Port Michael,2025-07-14
714,William Robinson,Lake Sabrina,2024-09-08
715,Nicole Weber,New Matthew,2024-12-24
716,Lisa Norton,Suarezmouth,2024-03-14
717,Kevin Jordan,Laurenstad,2024-01-15
718,Amber Henderson,South Nicholas,2024-02-12
719,Cindy Martin,Hollowayshire,2025-02-26
720,Jason Gay,New Beth,2025-03-01
721,Ann Moore,Scottmouth,2025-01-01
722,Christine Garcia,Gallegosmouth,2024-02-01
723,Kathryn Scott,Snyderside,2024-12-22
724,Donald Robinson,Cathyborough,2025-08-26
725,Rhonda Spencer,Ballardborough,2025-01-14
726,Benjamin Johnson,Timothyhaven,2024-07-20
727,Dean Lambert,Jamesbury,2023-09-17
728,Emily Brock,New Jesseshire,2024-12-02
729,Eric Lopez,Michelleton,2025-08-26
730,Shelley Young,Waltermouth,2024-03-02
731,Heather Ingram,Lake Jennifer,2025-07-29
732,Kevin Butler,Jessicaburgh,2023-11-13
733,Michael Bender,Kelliemouth,2025-05-26
734,Michael Woods,Tinatown,2025-02-15
735,Ronald Rich,Port Dustin,2025-01-25
736,Crystal Huff,Wesleybury,2024-02-08
737,Sarah Perry,Byrdport,2023-09-09
738,Eric Ward,West Vanessa,2024-11-25
739,Christine Price,East Thomasborough,2025-03-08
740,Kimberly Cabrera,Elliottborough,2024-08-03
741,Frank Davidson,Meganside,2024-06-29
742,Diamond Smith,Port Sandra,2025-03-15
743,Rachel Green,Gomezchester,2024-05-21
744,Patrick Miller,Stoneshire,2025-05-26
745,Elizabeth Rivers,Angelafurt,2023-09-14
746,Jennifer Smith,New Alexischester,2025-06-15
747,Willie Allen,Ryanton,2023-11-12
748,James Robinson,Hollandborough,2024-08-18
749,Kevin Johns,Paulview,2025-07-24
750,Caroline Brown,Philipland,2025-08-12
751,Seth Roberts,Lisamouth,2024-02-23
752,Michael Barnett,Christophermouth,2024-09-30
753,Paul Woods,Cochranborough,2024-01-09
754,Ronald Porter,South Kimberlyborough,2024-08-16
755,Arthur Mercer,South Lisa,2025-08-20
756,Mario Greer,Parkshaven,2024-10-24
757,Gabriela Arnold,Brownshire,2025-06-16
758,Travis Davis,Holtton,2024-12-01
759,Eric Hays,Austinberg,2025-01-11
760,Frank Long,North Kylefurt,2024-03-28
761,Tony Gardner,Michaelport,2023-10-07
762,John Thomas,Charlesfort,2025-06-01
763,Dr. Connie Sparks,Wayneland,2024-10-27
764,Fred Hatfield,West David,2025-06-10
765,Henry Daniels,Sierraburgh,2024-01-11
766,Carmen Santiago,South Michellefort,2024-11-09
767,Bernard Thomas,Lake Brendanbury,2024-08-16
768,Joseph Grant,Lindseyshire,2025-08-27
769,Diana Decker,South Jessica,2025-03-29
770,Sarah Wade,Sanchezville,2023-12-13
771,Christopher Morrison,North Tiffanymouth,2023-10-22
772,Tony Berger,Santiagohaven,2023-09-13
773,Joseph Jones,West Jeremy,2024-03-20
774,Brian Young,East Danielstad,2023-10-23
775,Amanda Thomas,Weaverville,2024-02-06
776,Joseph Rivers,South Ralphborough,2024-11-06
777,Jeffrey Walters,Lake Brandontown,2025-03-24
778,James Flynn,Sherylberg,2025-05-25
779,Elizabeth Park,Gardnerfurt,2024-05-18
780,Diana Elliott,Jacksontown,2024-08-22
781,Thomas Patterson,Lake Crystalmouth,2024-07-02
782,Andrew Wilson,Oconnorhaven,2024-11-05
783,Casey Reed,South Yolanda,2024-10-21
784,Michael Haney,Lake Renee,2025-04-26
785,Rita Rasmussen,Lake Jessicahaven,2024-06-16
786,Jasmine Sparks,Ashleechester,2024-02-13
787,Catherine Brown,Bradleyport,2024-12-20
788,Jason Adams,Miguelberg,2023-11-20
789,Nancy Todd,Destinyville,2023-09-26
790,Tiffany Harris,North Carriehaven,2025-06-18
791,Heather Stewart,Josephton,2023-11-29
792,Robert Moses,Coleborough,2025-02-07
793,Jeremy Thomas,Davidmouth,2024-10-22
794,Rebecca Ray,Allenborough,2025-01-17
795,Carol Bennett,Weaverberg,2024-03-02
796,Melissa Brooks,North Michaelfurt,2025-04-30
797,Leonard Dunlap,Port Rachel,2024-01-01
798,Larry Moore,Lake Cassie,2025-03-28
799,Brian Hughes,New Benjamin,2025-04-06
800,Donna Flores,Burgessview,2024-10-11
801,Jordan Carpenter,Ericshire,2024-12-12
802,Mr. Joseph Johnson,Port Brendashire,2024-11-29
803,Daniel Ortega,Leefort,2025-05-09
804,Christine Stewart,South Francisco,2023-12-09
805,Karen Young,Port Angelabury,2023-09-09
806,Stephanie Webb,South Jon,2024-07-09
807,Kyle Robertson,Michaelton,2025-05-04
808,Jimmy Chung,North Brad,2025-06-12
809,Peter Cross,Kevinville,2025-03-14
810,John Sherman,North Michelleshire,2024-11-24
811,Howard Byrd,Nortonfurt,2024-11-13
812,Karen Ballard,East Denise,2024-12-08
813,Matthew Davis,Clementsland,2024-09-22
814,Alejandro Grimes,Murphyview,2025-01-16
815,Brian Lindsey,Bradshawfurt,2025-04-14
816,Teresa Ortiz,East Karen,2025-08-05
817,Kevin Johnson,Davidstad,2023-09-12
818,Shawn Christensen,Caseyland,2024-11-28
819,Steve Lamb,Owensshire,2024-02-15
820,Jodi Livingston,Mcintoshchester,2024-10-09
821,Dalton Harris,West Annatown,2025-06-28
822,Christine Lucas,Port Jenniferstad,2024-03-10
823,Cynthia Mcdonald,East Megan,2024-12-21
824,Daniel Myers,Caitlynland,2023-10-19
825,Tristan Todd,Christopherstad,2025-04-20
826,Lauren Russo,New Courtney,2025-07-21
827,Bryan Mueller,Milesshire,2024-05-23
828,Richard White,Angelamouth,2024-09-08
829,Kevin Butler,Gregoryville,2025-05-26
830,Wendy Porter,Port Jose,2024-05-13
831,Brandon Bell,North Brucestad,2025-03-11
832,Dr. Ryan Campbell DDS,South Theresa,2025-04-13
833,Sarah Pena,Michaelside,2024-05-03
834,Mark Crawford,West Jean,2024-03-24
835,Jeffrey Hill,Holdenland,2024-07-10
836,Dr. Joshua Holden MD,West Ryan,2024-11-25
837,Jonathan Wilson,Lake Davidstad,2024-06-04
838,Jennifer Goodman,Adamsstad,2024-08-23
839,Zachary Day,Nathanielburgh,2024-10-28
840,Tiffany Carpenter,Port Davidshire,2023-12-13
841,Ronald Rodriguez,Jeanettefurt,2024-01-04
842,Anna Vasquez,West Ericafort,2024-07-29
843,Justin Little,Austinside,2025-07-06
844,Debra Brown,Paulchester,2024-09-06
845,Jason Williams,Lake Brooke,2024-09-02
846,Scott Riley,Lake Randy,2023-12-06
847,Jessica Combs,Jessicaport,2024-12-25
848,Jessica Wells,Chadberg,2023-12-26
849,Scott Howard,South Karen,2024-07-01
850,Deborah Maldonado,East Anne,2024-05-05
851,Elizabeth Moreno,Morrisborough,2025-07-07
852,Carolyn Blair,Kellymouth,2025-01-26
853,Jennifer Brown,New Anthony,2024-06-21
854,Nathan Hale,Brooksburgh,2024-05-12
855,Melissa Barnett,West Williamton,2024-09-02
856,Trevor Williams,Katherineburgh,2024-03-08
857,William Kent,South Jimmy,2023-12-13
858,Jennifer Cameron,East Williamview,2024-02-26
859,Danny Haas,North Justin,2024-10-12
860,Mrs. Allison Frost,Davisburgh,2023-09-06
861,Dr. Jennifer Cervantes,Allisonmouth,2024-02-24
862,Anthony Taylor,West Kristin,2023-08-31
863,Jill Morgan,South Juan,2025-02-13
864,Katherine Ramirez,Osbornetown,2024-11-11
865,David Nunez,Rogersfort,2024-08-03
866,Mr. Jacob Thomas,Gonzalesburgh,2023-12-18
867,Madison Smith,Jonathanstad,2025-07-25
868,Tracy Jimenez,Nathanview,2024-08-26
869,Brandi Nelson,Port Lance,2024-08-27
870,Michelle Walker,Jonathanmouth,2025-01-23
871,Audrey Soto,East Dana,2023-08-31
872,Mrs. Erin Murray,South Mark,2025-06-15
873,Beth Ramsey,West Allenmouth,2023-09-20
874,Joyce Hall,Gibsonstad,2024-08-20
875,Krista Strickland,West Sarah,2024-01-07
876,Stacey Wade,Cameronport,2024-01-09
877,Larry Kirk,East Tiffanyton,2023-12-31
878,Kelly Barnes,Arnoldstad,2024-09-05
879,James Maxwell,Craigchester,2024-04-19
880,Dr. Stephanie Holmes,South Zachary,2024-01-07
881,William Bowman,New John,2024-12-25
882,Daniel Woodard,South Carlville,2024-05-11
883,John Grant,West Thomas,2025-03-15
884,Erica Solomon,West Wyattstad,2023-10-24
885,Barry Mercado,Nortonport,2024-11-12
886,Ian Kemp,Eduardoport,2025-02-17
887,Robert Richardson,Kimberlybury,2025-04-24
888,Chelsea Taylor,New Michaelview,2024-05-21
889,Tracy Sullivan,Murraybury,2024-10-09
890,Tracy Horton,North Amandaburgh,2024-09-07
891,Martin Cook,Ayalamouth,2025-05-17
892,Angela Hall,Maxwellberg,2025-02-26
893,Steven Dunn,Robinsonmouth,2023-11-21
894,James Kramer DDS,Chavezshire,2024-04-06
895,Ethan Sosa,North Amanda,2024-04-06
896,Brian Love,Charlesland,2024-04-22
897,Kiara Huff,New Carrieport,2025-06-13
898,Robert Green,New John,2024-04-18
899,Kathleen Hudson,Port Alexanderville,2023-12-10
900,Manuel White,Port Justinport,2024-09-30
901,Beverly Rogers,Robertfurt,2024-10-25
902,Kari Frey,Chasetown,2024-06-08
903,Jennifer Carroll,Dickersonborough,2025-05-21
904,Leah Williams,Lake Michaelbury,2025-02-13
905,Kevin Williams,Stevenport,2023-11-10
906,Ian Alvarado,Perezfort,2024-05-06
907,Todd Fisher,Melaniechester,2024-03-19
908,Vanessa Stafford,Lake Sierraport,2024-04-21
909,Taylor Barker,Wilsonshire,2025-05-18
910,Spencer Martin,Kimberlyborough,2023-10-19
911,Robert Poole,Matthewville,2024-08-26
912,Debra Jacobs,Woodshaven,2024-01-06
913,Megan Kelley,New Ruben,2024-01-28
914,Wayne Rowe,North Kevin,2025-04-07
915,Emily Jones,Whiteshire,2025-01-23
916,Ryan Smith,Connertown,2025-01-13
917,Dana Kelly,Sherylshire,2025-01-15
918,Connor Walker,Amandatown,2025-04-20
919,Jonathan Mendez,Christopherport,2025-01-06
920,Thomas Hampton,Devinfort,2024-03-19
921,Victoria Griffin,Kingshire,2023-11-22
922,Thomas Kennedy,West Jamesborough,2024-09-27
923,Beth Cook,Tiffanyville,2024-11-01
924,Natasha Miller,Dixonbury,2025-08-06
925,Sara Rangel,East Annetown,2025-05-09
926,Mr. Jack Smith MD,Mirandamouth,2024-10-21
927,Yvonne Schwartz,East Zachary,2024-09-11
928,Julie Hicks,Jayland,2024-02-13
929,Breanna Watts,Juliachester,2024-05-18
930,Lisa Taylor,New Curtis,2025-08-12
931,Brandon Montgomery,South Johnland,2025-05-29
932,Megan Smith,Navarrostad,2024-05-03
933,Barbara Wilson,Lake Kristinland,2025-05-10
934,Troy Glover,Paulborough,2024-08-28
935,Linda Adams,Kevinland,2025-06-15
936,Connie Wright MD,North Jennifer,2023-09-01
937,Heidi Reyes,Ramosport,2025-06-10
938,Richard Wilson,Port Deborah,2024-05-10
939,Jamie Calhoun,Howefurt,2024-03-30
940,Daisy Anderson,Cannonburgh,2024-02-24
941,William Brooks,West Kelly,2024-11-15
942,Erica Green,Port Misty,2024-07-14
943,Thomas Wilson,Mcleanbury,2024-10-03
944,Anthony Ramirez,Brookeburgh,2024-12-24
945,Sandy Kim,North Samantha,2025-03-16
946,Lori Dawson,New Michelle,2024-11-11
947,Sarah Howell,Tiffanychester,2024-07-30
948,Carol Davis,Michaelshire,2024-09-22
949,Gabriel Pope,Jacksonville,2025-02-26
950,Ashley Avery,West Brandiberg,2024-03-28
951,Karen White,Lauraview,2025-02-15
952,Thomas Daniels,Dustinmouth,2023-09-28
953,Ryan Peterson,Wilsonhaven,2025-06-06
954,Ashley Hughes,New Anthony,2023-10-03
955,Frederick Allen,Birdborough,2024-05-30
956,Kevin Nguyen,Vanessaton,2025-02-06
957,Wendy Hicks,Holmesmouth,2025-08-25
958,Bobby Smith,Hughesmouth,2023-11-14
959,Robert Perry,West Patrick,2024-12-02
960,Frank Fernandez,East Rebecca,2024-03-30
961,Nathaniel Turner,Lake Rebecca,2023-12-31
962,Randall Lucero,Johnside,2024-09-19
963,Anthony Moran,Turnerstad,2023-12-11
964,Blake Williams,East Ethanside,2025-05-09
965,Emily Madden,Johnsonbury,2025-04-23
966,Rachel Smith,Robersonside,2024-12-31
967,Susan Fisher,East Sherryville,2024-03-20
968,David Gilbert,Josephside,2025-03-28
969,Emily Morris,Schultzborough,2025-06-25
970,Gary Garcia,Lake April,2023-11-17
971,Jason Bennett,Sanchezfort,2023-11-17
972,Denise Sullivan,Elizabethfort,2024-06-03
973,Janice Martin,New Vincentbury,2025-01-16
974,Michael Phelps,Lake Allison,2025-05-07
975,Michelle Jones,Carterland,2024-09-03
976,Gregory Mckee,Smithtown,2025-03-18
977,Ashley Cole,Joelchester,2025-02-17
978,Shawn Moreno,East Dawntown,2024-04-19
979,Michelle Small,West Kristinaville,2024-11-14
980,Jesus Cooper,Jackfurt,2024-06-02
981,Thomas Jones,West Kelseyborough,2025-03-09
982,Patrick Gardner,Port Duane,2023-11-08
983,Tracy Nicholson DDS,East Eric,2024-03-19
984,Robert Baker,North Micheal,2024-04-02
985,Elizabeth White,Johnsonhaven,2024-10-17
986,Jeremy Terrell,Port Tracymouth,2024-04-22
987,Ashlee Aguirre,East Thomashaven,2024-12-01
988,Dwayne Phillips,South Katrinaburgh,2025-08-11
989,Sara Hendricks,New Coryfort,2024-05-01
990,Christine Moore,South James,2024-08-09
991,Nicholas Whitaker,Port Jessicaville,2023-09-27
992,Lauren Elliott,Brownberg,2024-03-05
993,Karen Hicks,Rachaelberg,2025-01-19
994,Lindsey Anderson,East Nicole,2024-07-25
995,Lisa Smith,Port Angela,2024-01-06
996,Amy Jordan,Lake Yolandastad,2024-11-02
997,David Cohen,Geraldchester,2024-03-08
998,Amber Goodwin,East Samanthabury,2024-11-14
999,Michael Friedman,Stuartmouth,2024-03-08
1000,Todd Miller,West Robert,2025-04-08
1001,Cassandra Day,Thompsonville,2024-11-20
1002,Alyssa Forbes,Cassandraton,2024-05-08
1003,Patrick King,South Aliciaburgh,2023-09-06
1004,Ricky Powell,Russofort,2023-09-20
1005,Charles Wolf,West Williamshire,2024-02-13
1006,Caitlyn Glenn,Robertville,2025-05-06
1007,Michael Archer,Port Jaclyn,2024-07-24
1008,Kimberly Jones,Port Meghan,2025-04-05
1009,Robert Underwood,Whiteshire,2024-07-16
1010,Eric Tran,Kimberlychester,2025-05-12
1011,Zachary Chan,Careyburgh,2024-02-21
1012,Amy Phillips,Juanmouth,2024-08-22
1013,Michelle Martinez,Alvarezberg,2024-12-02
1014,Steven Kim,Alvaradoville,2024-12-30
1015,Anthony Castaneda,Katherinebury,2025-01-09
1016,Cynthia Flores,South Brandymouth,2025-04-22
1017,Christian Sharp,Lake Andrew,2025-01-29
1018,Angela Carter,West Loganfurt,2025-03-03
1019,Elizabeth Chung,Gomezton,2024-05-01
1020,Jordan Rodgers,Johnmouth,2024-02-12
1021,Manuel Robertson,Gutierrezstad,2025-02-06
1022,Samuel Mcclain,Port Sharonborough,2025-04-28
1023,Sharon Butler DVM,Andersonshire,2025-06-02
1024,Laura Santos,Michaelfort,2025-06-24
1025,Crystal Cisneros,Christopherchester,2023-10-16
1026,Kevin Norman,South Kellyview,2023-09-16
1027,Angela Petty,Jocelynbury,2024-12-16
1028,Jackie Rodriguez,Daniellemouth,2023-09-19
1029,Jessica Cross,East Allisonside,2023-10-30
1030,Christopher Werner,Williamchester,2024-07-13
1031,Christina Lopez,Courtneyville,2025-06-11
1032,Luis Williams,Lake Lisastad,2023-09-25
1033,Joshua Rodriguez,Lake Maryton,2024-03-02
1034,Rickey Deleon,Port Albert,2024-02-17
1035,Eric Bailey,Ericburgh,2024-10-27
1036,Jeremy Nicholson,Dannyton,2025-08-09
1037,Adriana Herman,Lake Briana,2024-09-18
1038,Christopher Salazar,West Natalie,2024-12-16
1039,Denise Moore,New Jenniferberg,2023-09-28
1040,Renee Miles,Lake Jessicashire,2024-07-01
1041,Suzanne Hampton,South Cynthiaborough,2023-12-17
1042,Edwin Ellis,Robertview,2024-08-04
1043,Justin Stein,Zacharyton,2024-11-14
1044,Brooke Perez,Lake John,2024-12-16
1045,Stephanie Maxwell,Lake Williamburgh,2025-08-11
1046,Kimberly Liu,North Kevinmouth,2024-12-03
1047,Mr. Mark Dixon DDS,Ashleyborough,2025-04-19
1048,Austin Nielsen,North Arthur,2024-11-24
1049,Karen Terry,East Anthonytown,2024-07-10
1050,Eric Smith,North Kevin,2025-07-25
1051,Katie Khan,Halemouth,2024-12-26
1052,Nicole Campbell,Lake Robertview,2024-03-25
1053,Natalie Harris,New Jessicaburgh,2025-05-26
1054,Harold Smith,Haleyhaven,2025-07-09
1055,Belinda Morgan,Mannstad,2024-02-04
1056,Mary Lewis,Leahview,2025-05-28
1057,Gregory Evans,East Juan,2023-09-22
1058,Richard Conley,North Allisonville,2023-09-17
1059,Nicole Weaver,Davidstad,2023-09-21
1060,Leslie Maddox,Haileyberg,2024-05-19
1061,Kaylee Young,North Mark,2024-06-01
1062,Erin Barton,Reyesmouth,2023-12-18
1063,Robert Graham,Christopherchester,2024-06-16
1064,Stephanie Bowers,Port Ebony,2023-12-23
1065,Peter Brown,Geraldchester,2025-03-01
1066,Michael Oliver,West Amyfort,2024-01-13
1067,Joseph Jones,Nielsenport,2024-05-14
1068,Gina Wall,Bridgesstad,2025-05-17
1069,Savannah Frost,New Charlesport,2024-05-02
1070,Debra White,Stevehaven,2023-11-12
1071,Melanie Watkins,Amberchester,2024-02-04
1072,Michael Cooper,Port Patriciaton,2025-02-05
1073,Erin Graham,Lake Teresa,2024-04-11
1074,Lauren Lewis,Ashleyview,2025-04-24
1075,David Jones,West Michaelville,2025-06-19
1076,Elizabeth Patel,Port Richard,2025-02-23
1077,Blake Flores,South Rebeccafurt,2024-02-08
1078,Sherry Hicks,Jessicaberg,2025-05-22
1079,Nathaniel Richardson,Lynchchester,2024-12-21
1080,Mark Sanchez,South Rachel,2024-04-09
1081,Jessica Rubio,Garrisonhaven,2024-03-21
1082,Brooke Hall,New Mauriceburgh,2024-08-31
1083,Marcus Thompson,West Janetshire,2025-08-10
1084,Loretta Lowery,West Cheryl,2024-06-30
1085,Scott Nelson,Jacksonside,2025-01-24
1086,Richard Anderson,Taylormouth,2024-05-16
1087,Brandon Watkins,Lake Lisa,2025-02-04
1088,Ryan Norman,Rodneyburgh,2024-08-13
1089,Michael Webb,Transhire,2024-10-16
1090,Kyle Kim,New Courtney,2024-02-28
1091,Daniel Strickland,Ambertown,2024-11-13
1092,Caroline Harris,Danielport,2024-02-05
1093,Jeremy Williams,Lake Richardborough,2024-02-26
1094,Larry Chang,Jennystad,2025-01-26
1095,Molly Johnson,Lake Mario,2025-03-03
1096,Erika Calderon,North John,2024-06-13
1097,Andrew Garcia,North Antonio,2024-08-25
1098,Stephen Strickland,Davisstad,2024-06-30
1099,April Mata,Port Jonathan,2024-10-12
1100,Lee Edwards,Port Kelly,2025-03-20
1101,Ashley Cherry,Port Adrianshire,2025-02-16
1102,Emily Harvey,Mathewsville,2024-09-05
1103,Jennifer Barr,Lake Ianport,2025-04-24
1104,Jessica Coleman,West Brandon,2024-11-24
1105,Jason Castro,Carrland,2025-02-23
1106,Kyle Gilbert,Gordonland,2024-06-14
1107,Angela Shelton,Nicoleside,2024-10-16
1108,Ryan Simpson,East Seanton,2024-05-10
1109,Craig Brown,New Raymond,2024-04-19
1110,Karen Saunders,West Vincent,2023-11-20
1111,David Scott,South Kelly,2025-07-27
1112,Brenda Lopez,Robinsonfort,2025-08-07
1113,Kimberly Webb,West Cassie,2025-04-06
1114,Tammy Webster,Mckinneyshire,2024-03-19
1115,Samantha Moore,New Jose,2023-10-07
1116,Dale Myers,Brownview,2024-09-23
1117,Kenneth Boyd,Lake Maxwell,2024-03-13
1118,Shaun Mueller,Lake Jeffrey,2024-09-09
1119,Logan Smith,New Laurenmouth,2023-10-05
1120,Mrs. Tracey Bond,West Elizabethmouth,2024-05-03
1121,Edward Young,Kevinport,2025-04-09
1122,Christian Goodwin,Lake Scottfort,2025-06-25
1123,Arthur Johnson,Albertstad,2024-01-26
1124,Brittney Hudson,Ericburgh,2025-04-13
1125,Amanda Lawrence,South Jacqueline,2024-06-13
1126,Tracy Miller,North Amanda,2023-10-27
1127,Rachel Frederick,Russoshire,2024-09-05
1128,Joseph Thornton,Maxwellville,2025-06-25
1129,Elizabeth Lopez,South Rebeccastad,2024-01-07
1130,Christopher Gonzalez,North Yvonneville,2024-05-07
1131,James Romero,Kellybury,2024-07-30
1132,Rachael Atkinson,East Brianfurt,2024-07-13
1133,Ana Watson,Welchborough,2024-01-11
1134,Michelle Williams,Lake Williamfurt,2023-12-07
1135,Jacqueline Harmon,Lake Susan,2025-03-25
1136,Kevin Wilson,Carlabury,2025-05-25
1137,David Villanueva,East Toddview,2023-12-01
1138,Jennifer Nelson,North Jenniferbury,2023-11-03
1139,Natasha Elliott,Millerfurt,2024-11-10
1140,Mary Wright,North Bethton,2024-09-05
1141,Jerome Bolton,East Christophershire,2025-03-23
1142,Gabriela Harris,Port Loretta,2024-11-13
1143,Cassandra Weaver,North Christopherview,2024-12-04
1144,Nicole Wade,West Christopherbury,2023-12-04
1145,David Jenkins,North Gregory,2023-10-04
1146,Christopher Bauer,New Williamchester,2025-02-17
1147,William Morris,Jimenezbury,2024-02-06
1148,Juan Lamb,New Annborough,2025-05-17
1149,Kristin Johnson,Nicholefurt,2024-04-06
1150,William Palmer,Jonesland,2025-07-11
1151,Ashley Gilbert,Adamsmouth,2024-03-23
1152,Kara Owen,Wagnerberg,2023-12-11
1153,Nathan Chang,Kylebury,2025-02-06
1154,Krystal Terry,Mezafurt,2024-12-06
1155,Rachel Kim,Port Cindy,2024-08-31
1156,Kathleen Rosario,Kingshire,2023-10-31
1157,Cristina Christensen,West Barbara,2024-10-11
1158,Angela Bell,Justinside,2024-03-13
1159,Bethany Boone,Ashleyville,2024-07-14
1160,Robin George,Barajashaven,2025-05-10
1161,Lisa Carroll,Port Jason,2024-02-17
1162,Nathan Zavala,New James,2025-02-14
1163,Joan Sharp,Rivasstad,2024-06-27
1164,Jeremy West,Jasonmouth,2024-06-07
1165,Tara Mason,Heatherville,2024-05-11
1166,Lauren Cox,Lake Anthonytown,2025-07-10
1167,Rodney Callahan PhD,South Edwardstad,2024-11-30
1168,Karen Miller,Eugeneside,2025-07-16
1169,Ryan Snyder,Lake Anthony,2023-12-12
1170,Paul Giles,Jamesburgh,2024-12-01
1171,Peter Powers,Russellshire,2024-09-10
1172,Claudia Wright,West Nicholasview,2024-12-10
1173,Tami Stanley,West Angelaview,2024-03-22
1174,Joshua Carter,Amandaton,2025-07-09
1175,Victor Baker,New Ronnie,2024-10-08
1176,Maria Young,Jonesberg,2025-03-08
1177,Yolanda Munoz,Davisview,2025-06-09
1178,Larry Taylor,Lake Laura,2025-04-10
1179,Margaret Kennedy,West Robin,2025-03-01
1180,Anna Barrett,Lake Elizabeth,2024-02-21
1181,Rachel Williams,West Julieville,2024-09-02
1182,Dana Boone,Hernandezborough,2024-07-14
1183,Jon Saunders,Jamesshire,2023-12-21
1184,Carolyn Padilla,Jenniferborough,2025-02-06
1185,Corey Terry,Lake Justin,2025-02-02
1186,Pamela Lopez,Gonzalezside,2024-06-05
1187,Erin Ross,North Brittany,2024-10-22
1188,Toni Long,New Michaelstad,2024-08-28
1189,Dominic Cooper,Scottbury,2024-08-20
1190,Jennifer Hernandez,Bartlettstad,2023-09-16
1191,Peter Richmond,New Luis,2025-07-10
1192,Christopher Davis,South Kelli,2023-12-24
1193,Deborah Ford,Allisonstad,2023-12-03
1194,Amy Moran,Lake Traci,2025-06-06
1195,Brooke Bell,North Michael,2023-09-13
1196,Randall Robinson,Bryantville,2024-02-22
1197,Tiffany Reyes,Laurastad,2024-08-02
1198,Sharon Taylor,Shafferchester,2024-12-10
1199,Fred Hall,Smithville,2024-01-01
1200,Timothy Pacheco II,New Williamton,2024-01-26
1201,James Walsh,Cynthiachester,2024-09-03
1202,Amy Myers,North Heidi,2025-01-15
1203,Christina Peterson,South Eduardo,2024-09-02
1204,Jason Garcia,North Michael,2024-12-31
1205,Kyle Ford,Port Jeremy,2024-11-20
1206,Vicki Hart,Ashleyberg,2025-08-21
1207,Tyler Vang,Ashleyhaven,2024-11-21
1208,Larry Smith,Port Andrewview,2025-07-16
1209,Jennifer Avery,Thomaston,2024-02-26
1210,Shawn Reynolds,West Brittneyport,2023-12-20
1211,Joseph Miller,Port Elizabeth,2024-04-03
1212,Adam Juarez,New Emily,2025-04-27
1213,Joseph Rodriguez,Port Kevin,2024-08-26
1214,Reginald Mckenzie,Beckburgh,2024-08-17
1215,Bernard Hill,Christopherborough,2025-04-14
1216,Lindsey Donaldson,New Stephenmouth,2023-11-11
1217,Sarah Webb MD,Elizabethville,2025-04-12
1218,Angela Olson,North Aprilburgh,2024-11-10
1219,Trevor Haley,Davisfort,2024-04-17
1220,Kathleen Bass,Lake Kenneth,2024-05-12
1221,Jessica Scott,Henrystad,2023-11-15
1222,Erin Brown,Cobbton,2023-11-26
1223,Anthony Flores,Sandersland,2024-04-14
1224,Chad Madden,North Johnton,2023-10-18
1225,Matthew Bullock,Kelleyport,2023-10-17
1226,Maria Newton,Courtneytown,2024-11-05
1227,Terry Munoz,Amymouth,2024-07-21
1228,Hector Harrington,West Cynthia,2023-11-17
1229,Kenneth Lawson,Allenview,2024-01-04
1230,Edward Boyd,New Kathleen,2024-09-28
1231,Curtis Goodwin,East Rebeccaview,2023-10-28
1232,Timothy Johnston,Taylortown,2024-05-28
1233,Joseph Ball,North Hailey,2024-09-16
1234,Ashley Armstrong DVM,Port Laura,2024-06-03
1235,Casey Gibson PhD,North Nicholas,2024-01-25
1236,Steven Hines,Chloeshire,2024-10-20
1237,Krystal Rogers,Peckville,2023-09-17
1238,Michael Garrett,Lake Ronald,2025-08-20
1239,Brandon Howell,North Dalton,2025-07-27
1240,Tiffany Jackson,North Juliaport,2024-12-18
1241,Jesse Fleming,Johnsonhaven,2024-11-21
1242,Christy Gallegos,Joyceside,2024-04-26
1243,Megan Hall,East Dannyport,2025-05-06
1244,Bryan Walsh,Lake Tonya,2024-09-18
1245,Rebecca Singh,Lake Kenneth,2024-07-01
1246,Lori Morgan,Jeffreyview,2025-04-25
1247,Alejandro Frank,Williamview,2024-08-04
1248,Michele Pittman,East Miranda,2024-10-31
1249,Christopher Hamilton,Lake Cherylview,2024-01-07
1250,Kimberly Campbell,Dennisfurt,2025-08-23
1251,Kenneth Grant,East Davidberg,2025-07-15
1252,Lauren Johnson,Lake Chelsea,2023-11-20
1253,Vanessa Calderon,East Angela,2025-02-18
1254,Bobby Cabrera,North Craigville,2024-07-19
1255,Jeffrey Williamson,Osbornshire,2023-10-12
1256,Claire Olson,Markmouth,2024-09-25
1257,David Lin,Christianstad,2023-10-01
1258,Kim George,Grahamtown,2025-05-07
1259,James Norman,North Davidland,2023-12-25
1260,Valerie Ross,Chelseafurt,2024-03-22
1261,Nicolas Bailey,Lake Brandonfort,2025-03-08
1262,Michelle Peterson,Shanemouth,2024-12-09
1263,Lisa Wilson,North Angelaberg,2025-03-27
1264,Jeanette Hebert,East Brenda,2024-04-06
1265,Emily Brown MD,Charlesland,2024-02-29
1266,Travis Lyons,Jacksonview,2024-12-21
1267,Ryan Stewart,North Robertbury,2024-11-04
1268,Amy Walton,Adamsview,2024-12-17
1269,Kayla Martinez,East Andrewborough,2024-10-29
1270,Jessica Holmes,Clementsfurt,2024-06-02
1271,Mark Rivera,Richardsfort,2024-10-23
1272,John Sloan,Port Erinfurt,2024-03-05
1273,Maurice Rowe,Lake Christopherland,2025-07-30
1274,Luke Wright,Brooksside,2025-08-18
1275,Mary Allen,West Andrewfort,2023-10-09
1276,Jessica Guzman,Laurachester,2025-01-26
1277,Tamara Campbell,Lynnside,2024-12-31
1278,Lisa Flores,Moodyview,2024-06-18
1279,John Barrera,East Crystal,2025-03-13
1280,Jake Rodriguez,North Jamesside,2025-03-22
1281,Mary Barrera,West Jasonfort,2024-10-26
1282,Jennifer Patterson,South Chrisstad,2024-06-06
1283,Derrick Cervantes,Lake Troy,2024-02-22
1284,Bianca Irwin,Dillonborough,2024-05-11
1285,Jonathan West,Laurahaven,2025-02-24
1286,Dawn Thomas,Mariachester,2024-01-01
1287,Michael Smith,North Robertborough,2024-04-26
1288,Abigail Smith,Port Jessicaside,2025-03-14
1289,Sarah Zimmerman,Johnsonfurt,2023-12-25
1290,Gina Nelson,Yvonnechester,2024-03-14
1291,Matthew Hardin,North Williamburgh,2023-10-04
1292,Elizabeth Garcia,Christopherchester,2024-09-15
1293,Charles Figueroa,East Rebecca,2024-05-08
1294,Donna Thompson,Blakeshire,2024-04-19
1295,Kimberly Sherman,Lauratown,2024-08-31
1296,Karen Morrison,Gabrielatown,2024-09-18
1297,Debra Berg,Hopkinstown,2023-09-29
1298,Betty Warren,Justinland,2023-10-20
1299,Dean Mckay,Port Stephen,2025-05-26
1300,Sandra Robertson,Andrewport,2025-01-04
1301,Christina Galloway,East Andrewberg,2024-10-16
1302,Sara Nguyen,Port Alejandro,2023-12-11
1303,Janet Bonilla,Jamesburgh,2023-11-10
1304,Lori Williams,Joshuastad,2023-09-03
1305,Miss Victoria Park,West Marcusbury,2024-02-24
1306,Erica Cox,Boydmouth,2024-11-27
1307,Charles Kline MD,Adambury,2023-11-02
1308,Benjamin Robertson,East Anthonymouth,2024-01-24
1309,Nathan Bell,New Jimmy,2025-02-09
1310,Vanessa Young,East Jonathan,2024-02-21
1311,Jon Miller,Jacksonmouth,2024-07-04
1312,Tiffany Gallegos,Aaronberg,2024-09-13
1313,Patrick Collins,West Philipville,2024-10-21
1314,Katie Duncan,Brianberg,2024-01-03
1315,Michael Larson,Leslietown,2025-04-24
1316,Christopher Stewart,West Sharonfort,2024-06-10
1317,Joseph Davis,Rileyberg,2024-01-04
1318,Edwin Wolfe,Port Douglasmouth,2023-12-03
1319,Deborah Harris,Gabrielletown,2024-09-01
1320,Tracy Lin,Johnsfort,2024-11-23
1321,Michael Ingram,Alberttown,2024-06-01
1322,Christina Clark,Lake Autumnmouth,2025-06-28
1323,Devon Ramirez,South Deborahland,2024-07-06
1324,Curtis Jimenez,Port Patricia,2023-10-25
1325,Michael Peck,New Patrickfurt,2023-09-02
1326,Christine Moreno,Deckerberg,2025-08-28
1327,Nathaniel Lopez,North William,2023-10-15
1328,Kaitlyn Miller,East Jacqueline,2025-01-13
1329,Rickey Kelly,North Kimberly,2024-07-08
1330,Michelle Adkins,West Holly,2024-04-01
1331,Karen Roberts,North Derrickside,2023-11-24
1332,Janet Miranda,Lestertown,2025-01-27
1333,Todd Gonzalez,North Joshuaview,2024-11-01
1334,Kenneth Horne,Charlesport,2025-05-04
1335,Tyler Russell,Hickston,2025-03-09
1336,Karen Miller,Leonardberg,2024-03-20
1337,Martha Carter,New Destinychester,2025-03-10
1338,Diana Marshall,New Deniseberg,2023-12-31
1339,Ryan Walton,South Crystal,2025-07-31
1340,Natalie Wilson,Camposville,2025-06-27
1341,Kimberly Phillips,Carlborough,2025-07-23
1342,Amanda Odonnell,Port Lindastad,2025-06-12
1343,Jennifer Brewer,Tinastad,2024-01-10
1344,Patricia Ellison,Davidtown,2025-05-01
1345,Tracy West,Lake Mark,2024-04-28
1346,Tammy Elliott,South Daniel,2023-12-01
1347,Justin Glenn,Charlestown,2024-12-31
1348,Miss Brenda Hughes,East Charles,2023-11-08
1349,Monique Palmer,Robertmouth,2025-01-11
1350,Billy Washington,East Edwin,2025-03-25
1351,Jesse Smith,Port Peterstad,2025-03-16
1352,Mark Howard,South John,2023-10-10
1353,Teresa Gates,West Kristopher,2024-02-20
1354,Traci Black,New Richard,2024-10-02
1355,Carolyn Rogers,Laurenborough,2024-03-07
1356,Lacey Benson,Port Ryan,2024-01-16
1357,Crystal Perry,Henrymouth,2025-02-09
1358,Todd Hopkins,New Amanda,2025-04-02
1359,Sharon Ware,Arellanoborough,2024-02-22
1360,Lisa Mathis,Butlerfort,2025-04-07
1361,Maria Hines,Lake Steven,2025-07-20
1362,Judy Page,New Elizabeth,2024-02-07
1363,Collin Schmidt,Bookerville,2025-02-03
1364,Philip Kennedy,New Stephaniehaven,2024-06-22
1365,Theodore Anderson,Elliottstad,2024-03-06
1366,Mr. Jim Stevens Jr.,Aliciaside,2024-12-30
1367,Denise Lynch,Reyesfurt,2023-12-17
1368,Gina Taylor,Colleenport,2024-08-21
1369,Shari Sutton,South Josephton,2024-09-03
1370,Carrie Lane,Alexburgh,2023-12-14
1371,Michael White,Wilkinsonburgh,2023-08-31
1372,Alejandra Davis,Port Keith,2024-01-11
1373,Kenneth Harris,West Robynberg,2024-11-09
1374,April Hahn,North Cesar,2025-01-07
1375,Ryan Davenport,Piercehaven,2024-11-24
1376,Pamela Jimenez,Gutierrezfurt,2024-09-10
1377,Abigail Perry,Jennifershire,2024-02-06
1378,Pamela Brown,Jonesville,2023-11-04
1379,Rhonda Moss,Lake Emily,2024-05-22
1380,Judith Garrett,West Tinaberg,2024-09-04
1381,Tiffany Ruiz,Markstad,2025-04-24
1382,Ronald Stevens,Michaelville,2023-12-10
1383,Melissa Jennings,Lake Briannafort,2024-02-03
1384,Joshua Pearson,East Raymondhaven,2024-04-06
1385,Tina Edwards,Brianshire,2025-07-06
1386,Javier Morgan,Lake Seanhaven,2024-03-02
1387,Michael Myers,West Ryan,2024-11-10
1388,Kevin Blackwell,Jamesfurt,2023-11-10
1389,Dylan Clark,New Jerry,2023-11-25
1390,Ann Sanchez,Dannytown,2023-10-09
1391,Hailey Mathews,East Emily,2024-01-05
1392,Richard Ellison,Riveraport,2023-10-03
1393,Susan Miller,Port Andrew,2024-06-05
1394,Anna Benton,Taylortown,2025-02-13
1395,Mr. David Johnson,Andreachester,2024-09-23
1396,Anna Jimenez,Tiffanychester,2024-07-25
1397,Alan Patton DDS,Tammyhaven,2025-06-09
1398,Gregory Duncan,Lake Ryan,2024-10-23
1399,Jose Woods,West Eric,2024-06-02
1400,Taylor Parker,Haastown,2024-09-27
1401,John King,Ericamouth,2024-08-16
1402,Troy Scott,East Taylorburgh,2025-07-18
1403,Jessica White,Michelleburgh,2024-06-23
1404,Sandra Haley,Lake Tony,2025-06-03
1405,Jessica Blackwell,Alexiston,2025-05-15
1406,Elizabeth Chen,South Amanda,2024-12-21
1407,Angela Jimenez,Lake Michaelland,2025-02-16
1408,Vanessa Obrien,North Michael,2025-01-22
1409,Mr. James Young,East Carrie,2025-07-23
1410,Darrell Torres,Johnsontown,2024-06-15
1411,Eric Lewis,West Barbara,2025-03-06
1412,Darren Diaz,North Jill,2024-01-19
1413,Lori Foster,Waltershaven,2024-04-30
1414,Dr. Manuel Forbes,Jessicafurt,2025-03-22
1415,Chelsea Heath,Pettyview,2025-01-19
1416,Janet Ryan,Johnfurt,2025-06-28
1417,Denise Patel,North Joshuabury,2024-07-28
1418,Andrew Robinson,Angelafurt,2023-12-18
1419,William Welch,Smithchester,2024-05-08
1420,Debra Mann,Murphyburgh,2025-01-16
1421,Mr. Craig Cummings,North Kayla,2024-08-15
1422,Jason Perez,North Kylebury,2024-10-31
1423,Gary Roberts,Jonathanchester,2024-03-25
1424,Cheryl Sparks,East Michael,2023-10-18
1425,Julie Eaton,North Jackview,2025-06-20
1426,Sarah Riley,East Rachelland,2025-01-03
1427,Scott Underwood,East Marthafurt,2025-03-04
1428,David Reed,Tanyafort,2024-09-12
1429,Diana Rivera,Jenniferport,2024-03-21
1430,John Ward,Buckside,2025-01-14
1431,Ronald Williams,South Jennifermouth,2024-08-30
1432,Glenn Cox,West Jessicashire,2024-11-01
1433,Steven Reed,New Jackiefurt,2024-08-27
1434,Michael Bean,West Kevin,2024-01-16
1435,Holly Cline,South James,2023-09-04
1436,Jeffrey Dudley,North Jason,2025-07-05
1437,Becky Holloway,Michaelhaven,2025-03-03
1438,Ronald Smith,Moralesfurt,2023-10-31
1439,Robert Brooks,Chelsealand,2024-05-07
1440,Rachael Thompson,Lake Nancy,2023-10-19
1441,Donna Anderson,East Mark,2024-03-19
1442,Natasha Barrett,Lake Randy,2024-10-27
1443,Teresa Carter,Sharonstad,2024-05-31
1444,Amanda Johnson,Mooremouth,2024-02-25
1445,Luke Boyle,Timothyburgh,2024-09-22
1446,Charles Marsh,New Tammyfurt,2024-12-25
1447,Melissa Floyd,Jamesfurt,2024-07-23
1448,Kara Hess,Lake Brandiview,2023-11-10
1449,Heather Williams,Gatesshire,2024-05-13
1450,Lauren Pitts,North Tracy,2024-04-07
1451,Alexis Hart,New Josephview,2025-02-20
1452,Brent Newman,South Shannon,2024-09-29
1453,Aimee Wilson,Lake Nicholas,2024-02-15
1454,Jared Jordan,New Tiffany,2024-10-17
1455,Ryan Daniels,South Dylantown,2024-10-21
1456,Nathaniel Robinson,North Russellstad,2024-10-03
1457,Shannon Camacho,Patrickhaven,2023-09-12
1458,Joseph Wilkins,Johnstonport,2025-02-24
1459,Natasha Morton,North Leslie,2025-02-13
1460,Kelli Rivers,Andersonton,2024-01-29
1461,Cindy Cohen,Floreschester,2023-09-27
1462,Makayla Duarte,South Dawn,2024-08-12
1463,Sherry Hunter,East Lisa,2024-10-04
1464,Teresa Anderson,North Rebeccafort,2023-12-26
1465,Melissa Miller,West Ryanton,2024-03-06
1466,Eddie Schmidt,Port Heather,2024-05-21
1467,Gary Taylor,Michaelbury,2025-03-25
1468,Susan Lowe,Amyport,2024-11-21
1469,Joshua Roberson,Timothyshire,2024-02-07
1470,Christina Ortiz,Port Joanneton,2024-01-27
1471,Michelle Wilkerson,New Melissa,2023-09-15
1472,Donna Bryant,Lake Laurie,2024-01-01
1473,Ralph Cruz,Lisaland,2024-11-29
1474,James Fernandez,Julieburgh,2024-04-04
1475,Edgar Bryant,North Michael,2025-05-02
1476,Benjamin Fox,Kyleville,2024-06-22
1477,Alan Barker,South Dennisfurt,2024-03-25
1478,Mallory Rivera,Port Christinetown,2024-03-13
1479,Benjamin Wang,West Carolborough,2024-12-16
1480,Eric Shaw,Karenside,2025-03-02
1481,Edwin Miller,Lake Lori,2025-06-11
1482,Miss Sara Myers,North Andre,2024-04-03
1483,Veronica Case,Brianmouth,2024-06-12
1484,Thomas Kennedy,Juliefurt,2025-05-14
1485,Rhonda Warren,Michelleland,2023-12-15
1486,Zachary Ramirez,South Nathan,2025-04-15
1487,Casey Pearson,Gomezberg,2024-07-14
1488,Sandy Werner,East Jeremytown,2024-12-14
1489,Jessica Peterson,Joneston,2025-03-12
1490,Kevin Moore,Adammouth,2025-06-12
1491,Anne Watkins,Pamelamouth,2025-04-21
1492,John Rodriguez,Aaronfort,2024-09-11
1493,Erika Davidson,Geoffreyshire,2023-09-30
1494,Joseph Clark DDS,North Brookeberg,2025-06-07
1495,David Moore,South John,2023-12-16
1496,Katherine Clark,New Theresa,2024-04-02
1497,Stephanie Cervantes,North Stephen,2024-01-01
1498,Jean Castillo,Marksview,2024-01-01
1499,Pamela Wu,Brentborough,2025-07-13
1500,Beth Robbins,Morrisshire,2024-09-07
1501,Cheryl Maxwell,Port Cynthiaberg,2024-02-06
1502,Melissa Brown,Lisaberg,2024-09-04
1503,Sandra Vance,South Cassandra,2024-11-23
1504,Alexa Herrera,West Vanessaport,2024-01-15
1505,Jonathan Mitchell,Cowanmouth,2024-08-12
1506,Danielle Hernandez,Marksshire,2024-09-06
1507,Sean Hawkins,Marshburgh,2024-07-02
1508,Kayla Vaughan,New Stacie,2023-10-05
1509,Pamela Martinez,Moorefurt,2024-02-22
1510,Gina Castaneda,North Jason,2023-12-10
1511,Debra Thomas,New Andreaview,2024-09-27
1512,Jacob Ortiz,West Caitlinberg,2024-02-09
1513,Ernest Sloan,Lake Craig,2023-12-31
1514,Victor Miller,Lake Johnfurt,2024-04-29
1515,Susan Armstrong,North Steventown,2024-09-28
1516,Sherry Mitchell,Toddburgh,2024-09-11
1517,Jennifer Nolan,Smithland,2024-07-18
1518,Warren Ross,East Crystal,2023-09-20
1519,Anthony Stewart,East Ambermouth,2025-04-21
1520,Lisa Rodriguez,Mooreton,2023-11-07
1521,Jennifer Jackson,Christopherbury,2025-08-17
1522,Sara Johns,Port Catherinestad,2025-05-24
1523,Sylvia Gonzales,Armstrongmouth,2024-04-27
1524,Marco Wilson,South Thomasburgh,2025-07-17
1525,Paul Parker,New Evelynstad,2023-11-09
1526,James Nelson,South Jason,2025-08-15
1527,Joseph Kim,South Carla,2024-06-01
1528,Shannon Simmons,Lake Rebecca,2024-10-13
1529,Chris Hanson,North Dennistown,2025-04-22
1530,Meghan Cain,Virginiahaven,2025-01-26
1531,Tracy Wilcox,Andrewstown,2024-11-13
1532,Anna Jackson,West Michael,2024-01-19
1533,Anthony Frederick,New Erica,2025-01-17
1534,Krista Wagner,Sancheztown,2025-08-14
1535,Jessica Wood,Charlesport,2025-05-06
1536,Barbara Roy,Crystalmouth,2024-07-02
1537,Michael Hines,South Timothyview,2023-10-04
1538,Joanne Jarvis,Port Joseph,2025-01-11
1539,Stephanie Robinson,West Kimberly,2025-02-27
1540,Amanda Hubbard,Port Williamburgh,2024-07-10
1541,Austin Lawrence,East Christina,2024-04-20
1542,Christopher Clements,Smithshire,2023-09-06
1543,Timothy Wise,Port Michael,2025-08-06
1544,Jonathan Ryan,North Robert,2023-12-12
1545,Michael Carney,East Michelefurt,2025-03-02
1546,Taylor Johnson,North Brian,2025-01-20
1547,Steve Spencer,Lake Nicholasberg,2025-04-05
1548,Erin Zavala,Robertmouth,2025-06-04
1549,Alicia Lyons,Hunterborough,2023-11-19
1550,Keith Odonnell,North Michaelton,2023-09-16
1551,Tina Levy,New Julie,2025-07-24
1552,Brandon Olson,West Melindaside,2025-03-10
1553,Richard Duran,Pamelaview,2023-09-13
1554,Pamela Small,West Mary,2025-01-04
1555,Pamela Robinson,Thomasland,2025-05-11
1556,Joshua Meyers,Port Jasonstad,2025-03-19
1557,April George,Davidburgh,2024-06-15
1558,Krystal Lang,Jamesmouth,2024-01-21
1559,Julie Saunders,South Tracyview,2023-11-26
1560,Vanessa Berry,Danielleton,2024-01-09
1561,Maria Mendoza,Jackstad,2025-02-22
1562,Michael Gibson,Hesterland,2025-03-19
1563,Daniel Montgomery,Estradaburgh,2023-10-15
1564,Kathy Adkins,Levinemouth,2024-11-16
1565,Katrina Moreno,Lake Robertberg,2025-03-31
1566,Jessica Roy,Garciaside,2024-09-28
1567,Andrea Burgess,Frenchshire,2025-05-18
1568,Cory Harmon,Port Sallymouth,2024-04-24
1569,Kristen Kelley,Herreraborough,2025-01-07
1570,Jacqueline Rodriguez,North Anna,2023-12-07
1571,Kyle Terry,Torreshaven,2024-06-22
1572,Monica Bennett,Jasonhaven,2024-07-17
1573,Lynn Smith,Lake Stevenfurt,2025-04-01
1574,Kyle Murphy,Taylorburgh,2025-05-20
1575,Jamie York,North Katherine,2024-07-28
1576,Makayla Watson,North Kennethchester,2024-06-12
1577,Arthur Ortiz,Port Chad,2023-10-08
1578,Bobby Ryan,Michaelbury,2023-12-20
1579,Daniel Stewart,South Michael,2024-04-03
1580,Michelle Lucas,New Joshua,2024-09-14
1581,Lisa Bennett,Jenkinsfort,2024-06-17
1582,William Barber,Bradleyfort,2023-09-27
1583,Elizabeth Murphy,West Erikashire,2024-05-29
1584,Sarah Thompson,Lake Jessica,2023-11-27
1585,Kenneth Callahan,East Adrian,2025-03-24
1586,Jonathan Brown,Michaeltown,2025-04-24
1587,Diana Bush,Franklinshire,2023-12-17
1588,Lisa Johnson,Mckeeberg,2024-11-30
1589,Joshua Smith,New Paul,2025-08-23
1590,Tyler Alexander,Gomezport,2023-09-25
1591,Michael Parker,New Amy,2024-05-07
1592,Jay Sharp,Matthewport,2025-08-04
1593,Andrew Hunt,Normanport,2025-05-22
1594,Holly Jenkins,Thomasville,2024-09-18
1595,Claudia Perry,East Melvinland,2024-12-09
1596,Carrie Hughes,Austinton,2024-02-04
1597,Stephanie Esparza,North Maryland,2024-05-16
1598,Travis Flowers,Debbieborough,2025-08-15
1599,Amanda King,Derekville,2025-03-17
1600,Elijah Martin,Grantville,2025-02-15
1601,Adam Baker,Port Richardmouth,2024-07-26
1602,Douglas Santana,Davidtown,2025-01-06
1603,David Wood,Davidport,2025-05-27
1604,Glenn White,New Stephanieview,2024-10-02
1605,Austin Rich,Lake Troystad,2023-09-26
1606,Michael Carpenter,Dylanberg,2024-12-12
1607,Jessica Torres,Hillstad,2025-08-29
1608,Amy Brown,Davidside,2025-08-19
1609,Rachel Hernandez,Brandontown,2024-05-19
1610,Kristin Terry,New Troy,2025-08-23
1611,Barbara Ortiz,Lake Melissaview,2024-05-26
1612,Nicole Moore,Parkchester,2025-05-10
1613,Dean Gordon,Wolfport,2025-02-22
1614,Timothy Lee,Port Loganshire,2025-06-29
1615,Janet Howard,Port Alyssachester,2025-04-18
1616,Mary Gill,Mackburgh,2024-11-21
1617,Amy Coleman,Jenniferton,2024-06-21
1618,Jodi Gibson,Margarettown,2023-11-15
1619,Michael Graham,New Regina,2025-03-28
1620,Michael Smith,North Gordon,2024-02-08
1621,Ralph Marshall,West David,2024-08-21
1622,Joseph Robles,Hamiltonland,2023-11-02
1623,Michael Hicks,Christopherhaven,2024-04-30
1624,Patricia Brown,South Bryan,2023-12-27
1625,Jeffrey Sullivan,Lake Lindsey,2024-06-18
1626,Sabrina Adams,Jillfurt,2023-09-21
1627,Logan Weaver,Snyderville,2025-01-03
1628,Dennis Jenkins,North Lisatown,2025-05-17
1629,Gina Schwartz,Transhire,2024-10-16
1630,Brittany Harris,Wilsonborough,2023-10-20
1631,Lawrence Byrd,North Hannahtown,2023-11-12
1632,Brian Casey,Debrashire,2024-08-28
1633,Craig Rivas,Tuckerburgh,2024-05-05
1634,Christopher Owens,West Dwaynefort,2024-06-07
1635,Justin Davis,Brownborough,2023-10-26
1636,Rebecca Mitchell,North James,2024-03-17
1637,Timothy Dawson,Lake Denisefurt,2024-05-19
1638,Ryan Villanueva,Serranoport,2024-06-15
1639,Erika Hughes DVM,Lake Shawn,2025-06-08
1640,Stephanie Butler,Henryshire,2024-06-16
1641,Shelby Harris,Brandichester,2024-01-21
1642,Michael Gonzalez,Lake Gregory,2024-12-21
1643,Scott Obrien,Johnborough,2025-08-30
1644,Stacy Sloan,Weeksport,2023-11-24
1645,Vickie Lucas MD,Christinatown,2024-04-11
1646,Leslie Spencer,South Ronnie,2025-05-25
1647,Brandi Douglas,North Ashley,2024-04-09
1648,John Martin,North Vanessa,2024-01-27
1649,Patrick Flowers,New Mistyfort,2024-02-25
1650,Donna Underwood,Christophertown,2024-03-21
1651,Adam Prince,Lisaberg,2024-08-19
1652,Heather Blake,South Tristanstad,2025-07-19
1653,Kristy Davis,Port Dana,2024-10-18
1654,Shane Payne,West Sandra,2023-12-04
1655,Scott Cook,West Bonniebury,2024-03-21
1656,Joseph Flores,Steventown,2024-11-07
1657,Brenda Palmer,Scottbury,2025-05-22
1658,Corey Roberson,Lake Michaelmouth,2024-05-14
1659,Jasmine Spence,North Joel,2025-07-10
1660,Shawn Randall,West Alan,2024-09-01
1661,Ashley Oliver,Laurafurt,2023-12-19
1662,Patrick Wolfe,East Christopher,2024-01-09
1663,Elizabeth Garcia,Knightside,2024-03-27
1664,Jonathan Palmer,Port Haleymouth,2024-02-12
1665,George Nichols,Hoodbury,2025-08-26
1666,Brian Long,New Kylestad,2025-01-02
1667,Cody Miller,Stonebury,2024-04-04
1668,David Foster MD,Nicholasborough,2025-06-03
1669,Jacqueline Holmes,Evansville,2024-01-27
1670,Benjamin Gilbert,South Amyborough,2024-04-15
1671,Mark Ellison,New Gregoryshire,2024-07-05
1672,Kimberly Jones,Lake Erikastad,2024-01-06
1673,Jacob Graham,South Kyle,2024-08-08
1674,Andrea Hopkins MD,Port Jonathanmouth,2024-07-28
1675,Cheryl Horton,Brandiland,2025-06-24
1676,Sarah Ramirez,Port Traciburgh,2025-07-27
1677,Daniel Brown,Jamesborough,2024-12-18
1678,Amanda Clark,Curtisfort,2025-07-16
1679,Michael Jones,Port Thomas,2024-01-11
1680,Christopher Sandoval,Katherineville,2025-01-23
1681,Scott Manning,Lake Rebeccatown,2025-02-09
1682,Lisa Bennett,Brownstad,2023-11-09
1683,Dawn Jordan,Kyleville,2025-04-18
1684,Cathy Reed,Clarkville,2024-08-22
1685,Jenna Martin,Lake Michaelland,2024-04-13
1686,Caitlin Munoz,Smithhaven,2023-10-02
1687,Henry Mueller,South Mariaview,2024-08-18
1688,John Sanders,Gibsonton,2024-08-23
1689,Charles Martin,Port Nicholeborough,2025-05-22
1690,Carla Owens,Muellerside,2025-05-12
1691,Melissa Zuniga,West Johnborough,2024-09-28
1692,Matthew Elliott,East Ronald,2024-06-20
1693,Kathryn Moore,South Katrina,2024-02-23
1694,Teresa Jenkins,Virginiafurt,2025-03-27
1695,Nicole Wallace,West Janet,2025-07-03
1696,Leslie Perez,Charlesburgh,2023-09-06
1697,Cody Rogers,Port Michael,2024-07-14
1698,Jennifer Schultz,Deborahshire,2024-03-31
1699,Loretta West,Jessicaborough,2025-04-26
1700,Jesse Henry,Banksport,2025-05-14
1701,Troy Graves,North Julia,2023-09-20
1702,April Rowe,Andersonview,2023-10-06
1703,Sean Mcgrath,East Nicholasport,2025-05-30
1704,Rebecca Stone,North Bryanfurt,2025-06-26
1705,Brandi Giles,North Danielside,2024-12-04
1706,Maureen Combs,West Deborah,2024-11-25
1707,Laura Esparza,West Craigville,2024-06-15
1708,Evan Savage,Singletonmouth,2024-11-01
1709,Lisa Hoover,Port Douglasbury,2025-01-05
1710,Mary Roberts,West Bryanmouth,2023-12-06
1711,Jill Davis,Michaelfurt,2024-05-10
1712,Darlene Rodriguez,North Charles,2025-08-21
1713,Shannon Allison,Blacktown,2025-07-10
1714,Danny Williams,Aliciamouth,2024-12-29
1715,Karen Burke,Port Kelli,2024-09-29
1716,Derrick Romero,Goodbury,2025-01-25
1717,Thomas Austin,West Austinborough,2023-08-31
1718,Sylvia Whitney,Shirleyside,2023-09-10
1719,Sean Villegas,South Philipborough,2025-03-27
1720,Peter Brown,Marieland,2025-06-23
1721,Mr. James Hancock,Singhtown,2023-12-04
1722,Ryan Brown,Melissastad,2024-01-16
1723,Clinton Day,Williamsport,2025-05-31
1724,Barbara Wheeler,Justinchester,2024-10-04
1725,Alexander Olsen,Andrewport,2024-05-06
1726,Matthew Barry,Lake Gregory,2024-08-05
1727,Mr. George Mullen,Pattersonberg,2024-02-28
1728,David Harvey,Port Benjaminton,2024-06-04
1729,Angela Lewis,Davidland,2025-08-02
1730,Kurt Pennington,Rickyborough,2025-06-02
1731,Tyler Arroyo,East John,2025-08-05
1732,David Miller,Torresshire,2023-09-10
1733,Jimmy Phillips,South Larry,2024-06-18
1734,James Gonzalez,Lake Justin,2023-09-25
1735,Brandon Torres,Johnmouth,2024-12-07
1736,Julie Griffin,Danielbury,2025-03-04
1737,Jody Lang,Crawfordton,2024-02-20
1738,Lisa Boyle,Lake Kimberly,2023-11-18
1739,Joseph Williams Jr.,Hollandchester,2025-06-14
1740,Catherine Hogan,New Kelly,2024-08-03
1741,Michele Black,Lake Kristen,2024-07-30
1742,Thomas Rose,Taylorville,2024-08-20
1743,Ricky Cruz,Williamville,2024-11-01
1744,Loretta Abbott,Petersonport,2023-12-30
1745,Megan James,Lake Kathrynland,2023-10-31
1746,Jordan Neal,Jeremiahhaven,2023-12-18
1747,John Wright,Port Jessica,2025-07-22
1748,Miss Jill Stone,Bishopfurt,2024-06-12
1749,Susan Smith,East Kristenberg,2025-01-15
1750,Laura Wong,West Michelle,2024-03-15
1751,Deborah Sims,Mistyburgh,2025-06-08
1752,Carla Butler,Lake Vincent,2025-03-07
1753,Ashlee Garrett,Claudiashire,2024-08-19
1754,Hannah Bautista,Mendozafurt,2025-03-06
1755,Deborah Matthews,Marymouth,2024-09-13
1756,Kevin Tucker,New Kyleview,2024-12-01
1757,Kristi Peterson,South Robert,2024-08-20
1758,Sandra Morrison,Dickersonview,2023-11-27
1759,Jacob Chang,Bowenmouth,2023-11-29
1760,Joanna Phillips,South Deniseton,2025-08-19
1761,Deborah Miles,Port Joy,2025-04-07
1762,Julie Smith,South Emily,2023-09-22
1763,Caroline Rose,Goodmanbury,2024-01-17
1764,James Harris,Racheltown,2024-05-28
1765,Ronald Davies,Jamiestad,2024-05-27
1766,Richard Espinoza,Johnsonchester,2024-04-02
1767,Collin Clark,South Moniquetown,2025-02-01
1768,Samantha Stark,Port Richardhaven,2025-03-02
1769,Calvin Vargas,Port Steventon,2024-04-25
1770,Angie Reed,Edwinshire,2024-11-26
1771,Nina Gonzalez,Lake Christinefort,2023-09-28
1772,Matthew Roberts,Figueroamouth,2024-05-22
1773,Anne Ritter,Garzamouth,2024-11-09
1774,Chelsea Ross,Kellerborough,2024-05-05
1775,Joseph Barron,Gregorychester,2023-10-13
1776,John Hunt,South Michael,2023-11-06
1777,David Russell,Ericashire,2023-12-02
1778,Thomas Howard,Kellyview,2024-04-27
1779,Kathryn Jackson,West Andrew,2023-11-24
1780,Andrew Marshall,Robersonhaven,2025-01-31
1781,Matthew Calhoun,Cookbury,2024-07-25
1782,Elizabeth Acosta,Rodrigueztown,2025-03-31
1783,Tracy Lee,North Staciechester,2025-06-07
1784,Melissa Sanchez,Wellsville,2023-11-26
1785,Amber Richardson,Garzaside,2024-07-29
1786,Amy Kramer,West Justin,2024-01-04
1787,William Chen,Fowlertown,2024-09-18
1788,Heather Smith,Markfort,2024-08-19
1789,Julia Leonard,South Kathyton,2024-02-09
1790,Sylvia Gray,Michaelport,2024-01-13
1791,Kevin Evans,Santiagofurt,2025-07-18
1792,Ashley Collins,Ericton,2025-07-14
1793,Mark Pratt,North Christopher,2023-10-07
1794,Nancy Ross,Melissamouth,2025-06-14
1795,Joseph Strickland,Autumnstad,2025-03-16
1796,Nathan Wiley,Charleston,2024-02-13
1797,John Hart,Thomaschester,2023-09-18
1798,Hunter Lee,East Mirandaside,2024-05-27
1799,Steven Alexander,Port Jaredmouth,2025-07-09
1800,Cory Jensen,Collinsville,2025-01-23
1801,Carlos Kramer,Rowehaven,2024-10-22
1802,Daniel Evans,South Peter,2025-08-29
1803,Krista Nelson,West Stevenshire,2024-01-04
1804,Kendra Robertson,West Pamela,2023-10-27
1805,Jason Padilla,East Joyce,2025-06-04
1806,William Chase,Aaronstad,2024-10-05
1807,Victoria Frederick,Brianborough,2024-11-17
1808,Carl Alexander,Andresbury,2024-03-18
1809,Steven Lewis,Michaelstad,2024-01-02
1810,Michelle Perez DDS,Lake Kelly,2024-04-26
1811,Christopher Peters,West Emily,2025-06-04
1812,Cynthia Bush,Davidhaven,2023-12-02
1813,Ashley Rodriguez,South Kristishire,2025-02-28
1814,Sherry Jackson,Rosschester,2025-03-19
1815,Robert Robinson,Benjaminfort,2024-12-31
1816,Troy Phelps,North Travis,2025-02-19
1817,Sandra Barrett,Clarkmouth,2024-07-07
1818,Matthew Nelson,Frederickport,2023-12-11
1819,Linda Riley,New Bridget,2024-08-19
1820,Mckenzie Floyd,Carpenterland,2024-02-07
1821,Jenna Adams,Lake Willie,2025-07-31
1822,Stephen Love,Aimeefurt,2023-12-05
1823,Mrs. Jennifer Anderson,East Miranda,2025-05-06
1824,Julie Watson,Danielton,2025-01-17
1825,David George,North Robin,2025-08-17
1826,Mary Lee,Moralesberg,2023-09-24
1827,Douglas Reed,Port Linda,2024-08-31
1828,Kathryn Jones,Taylorborough,2023-10-22
1829,Samantha Smith,Rebeccastad,2025-03-10
1830,Miguel Byrd,Ashleytown,2025-06-28
1831,Shannon Hall,Port Susanside,2024-04-14
1832,Christina Ryan,Kristinebury,2024-12-01
1833,Mr. Joel Adams,North Christopher,2025-08-25
1834,Gregory George,Port Taylor,2024-05-24
1835,Christian Campbell,East Melinda,2023-12-13
1836,Jennifer Wiley,South Joshua,2025-08-29
1837,Randy Williams,South Charles,2024-06-01
1838,Tina Byrd,Kruegermouth,2025-04-02
1839,Margaret Fernandez,West Valerie,2025-03-04
1840,Teresa Brooks,Port Rebeccaland,2024-04-23
1841,Nicholas Williams,Michellemouth,2024-01-18
1842,Julie Rodriguez,Melissaberg,2025-04-04
1843,David Wilson,Kevinfort,2024-10-22
1844,Kimberly Chang,Allisonbury,2025-04-09
1845,Bruce Acevedo,West Stephen,2025-07-11
1846,Joshua Hernandez,Howehaven,2025-07-13
1847,Miss Amanda Hayes,Aprilburgh,2024-05-24
1848,Adam Gallagher,Janiceburgh,2023-10-12
1849,Terri Boyd,West Aaron,2025-03-24
1850,Roger Osborn,New Annton,2025-04-10
1851,Wendy Russell,West Megan,2023-12-20
1852,Dawn Young,Lake Lisa,2025-04-12
1853,Andrew Wallace,East Jacqueline,2024-01-22
1854,Steven Henderson,New Brianchester,2024-12-09
1855,Zachary Murphy,Nathanfurt,2024-11-26
1856,Ronald Allen,Johnchester,2025-08-14
1857,Mark Flores,Nathanview,2024-04-13
1858,Lisa Dominguez,South Christinahaven,2023-12-01
1859,Darrell Stevens,North Jenniferland,2025-01-18
1860,Dustin Graham,Baileyburgh,2024-07-29
1861,Laura Parker,Olsonburgh,2025-06-28
1862,Vincent Morgan,Mariomouth,2023-09-25
1863,Jenna Smith,South Josephport,2023-12-23
1864,Scott Greene,Cheyenneview,2024-08-08
1865,Donald Griffin,Aaronside,2023-11-07
1866,Samantha Banks,West Louisborough,2025-08-01
1867,Sandra Schmitt,Kyletown,2025-05-01
1868,Adrian Vasquez,Christinaport,2025-07-23
1869,Wendy Singleton,Aaronmouth,2024-07-25
1870,Amber Savage,Lake Cheyennefort,2025-08-07
1871,Andrew Stephens,Davidberg,2025-05-30
1872,Caroline Johnson,Johnsonborough,2024-09-30
1873,Lauren Barrett,Carlsonstad,2024-11-02
1874,Frederick Lawson,Harrytown,2023-09-03
1875,Daniel Ford,Odomborough,2025-08-05
1876,Courtney Thomas,Davidchester,2024-01-20
1877,Micheal Castaneda,East Jenniferborough,2025-03-21
1878,Charles Berry,Thomasfort,2024-11-23
1879,Robert Allison,East Jenniferfurt,2025-08-09
1880,Jasmin Miller,Ayalaborough,2023-12-18
1881,Christopher Callahan,North Jenniferstad,2024-06-29
1882,Rodney Carpenter,Larrytown,2024-09-13
1883,Nancy Ross,Port Leslieview,2024-01-13
1884,Mrs. Barbara Leonard,North Christopherport,2024-05-07
1885,Lindsey Wong,Hunterfort,2025-04-18
1886,Melinda Cooley,East Kathyland,2025-07-16
1887,Patrick Rogers,West Tiffany,2024-09-20
1888,Cindy Ross,South Heather,2025-05-18
1889,Sandra Davis,Pereztown,2024-08-09
1890,Rebecca Bailey,Kingchester,2025-04-24
1891,Tina Olson,Gabrielland,2023-09-08
1892,Terry Nash,Deborahborough,2024-10-09
1893,Earl Cannon,New Lisa,2025-08-12
1894,Gabriel Ward,Priceland,2024-06-17
1895,Christine Davis,East Christine,2025-05-24
1896,Mr. Scott Morrison,Martinezshire,2023-12-05
1897,Brittany Martinez,Hudsonshire,2024-08-21
1898,Charles French,Lake Megan,2023-11-10
1899,Teresa Drake,Haleport,2024-05-02
1900,Patrick Murray,North Austinborough,2024-02-27
1901,Jack King,Churchland,2024-08-20
1902,Luis Lee,Lunaport,2024-01-29
1903,Howard Ortiz,New Kimberlyport,2024-10-01
1904,John Michael,South Ray,2024-08-10
1905,Amanda Scott,Lake Nicholaston,2024-05-23
1906,Carrie Dixon,Port Petermouth,2023-11-07
1907,Douglas Acosta,Laurashire,2024-08-11
1908,Mallory Mcneil,Jessicaberg,2024-03-05
1909,Allison Smith,Myersshire,2024-07-23
1910,Stephanie Gomez,Thomasbury,2025-08-20
1911,Kristina Browning,Mercedesbury,2024-10-17
1912,Tammy Allen,Port George,2023-11-28
1913,Katie Smith,Port Darrell,2024-08-23
1914,Dominic Hamilton,South Martha,2023-11-06
1915,Tara Yu,Lake Margaret,2024-06-10
1916,Michele Morrison,East Austin,2025-05-09
1917,Mrs. Hannah Thomas,Rickyland,2024-09-08
1918,Nicole Bryant,South Monicaburgh,2024-03-28
1919,Luis Brown,North Jose,2025-02-23
1920,Edward Parker,West Ann,2024-10-14
1921,Sheila Cisneros,Joshuachester,2023-10-08
1922,James Hernandez,West Sarah,2024-10-07
1923,Kristen Molina,New Rebeccamouth,2024-02-12
1924,Jessica Tran,South Amy,2024-03-12
1925,Ryan Bullock,New Ryan,2025-05-17
1926,Samuel Ellis,Sullivanburgh,2024-06-15
1927,Jennifer Terry,East Michael,2024-05-11
1928,Jamie Harris,East Kevin,2024-03-08
1929,Thomas Cooper,Porterborough,2023-10-16
1930,Jose Grant,West Kevin,2024-06-11
1931,Katherine Rodriguez,Andrewsberg,2024-01-23
1932,Holly Perez,East Lisaport,2024-12-04
1933,William Sims,Kellyside,2025-07-16
1934,Susan Parker,Edwardstad,2025-07-24
1935,Craig Bowman,Ryantown,2023-08-31
1936,Melvin Parker,Cunninghamborough,2025-03-15
1937,Kathleen Brown,Meyerside,2025-04-11
1938,James Trevino,Hendersonview,2025-05-31
1939,Tiffany Powell,Lichester,2024-03-17
1940,Emily Ferrell,Lake Danielview,2025-01-04
1941,Nicole Armstrong,West Loriside,2025-07-24
1942,Mary Conway,Tiffanyborough,2025-07-05
1943,Marvin Oconnor,New Lisa,2024-06-13
1944,Lynn Thompson,Port Anneborough,2024-07-17
1945,Andrea Phillips,North Joseborough,2023-12-26
1946,Jennifer Gomez,Andreberg,2024-02-22
1947,Amanda Cardenas,Lake Katherine,2025-02-25
1948,Eric Hickman,South Donaldberg,2024-09-20
1949,Jennifer Hernandez,Whitestad,2024-06-21
1950,Michael Moreno,Braychester,2025-07-10
1951,Alyssa Rodriguez,East Amy,2024-10-20
1952,Courtney Byrd,Allisonchester,2024-04-28
1953,Kayla Nelson,Elizabethhaven,2023-09-07
1954,Jason Ray,South Michelleshire,2023-10-14
1955,Robert Keller,Jackport,2025-03-18
1956,Margaret Jones,South Craigland,2025-05-30
1957,Margaret Reid,Port Elizabethburgh,2024-12-27
1958,Leslie Sims,Steintown,2025-07-06
1959,Dr. Reginald Kennedy,New Jeffrey,2024-01-15
1960,Samantha Steele,Port Tracey,2024-03-01
1961,Robert Jones,West Susan,2024-08-28
1962,Jessica Roach,Ashleyhaven,2024-04-15
1963,Kiara Montes,Fletcherview,2025-08-03
1964,Elizabeth Cuevas,North Michelle,2024-05-09
1965,Brent Gonzalez,New Hannahport,2025-08-12
1966,Steven Rodriguez,Lake Paige,2025-05-10
1967,Jacob Lewis,Christopherbury,2025-06-08
1968,Brooke Carroll,Port Nicoleview,2025-01-18
1969,Ryan Holmes,West Amanda,2025-02-19
1970,Kathleen Johnson,Port Lisa,2025-04-03
1971,Christina Riley,Lake Angela,2024-09-19
1972,Sarah Eaton,South Mary,2023-10-02
1973,Cassandra Byrd,Charlesside,2025-01-05
1974,Angela Murillo,Deborahhaven,2025-06-04
1975,Dustin Floyd,Adambury,2025-01-13
1976,James Ferrell,North Shannon,2024-01-04
1977,Sandra Turner,New David,2024-01-23
1978,Thomas Brown,Harmonberg,2024-11-15
1979,Jeffrey Morris,Lake Saramouth,2023-11-23
1980,Gary Miller,East Lawrencestad,2024-07-23
1981,Michael Beasley,Ramosside,2025-01-28
1982,Samuel Smith,East Sarah,2024-04-13
1983,Wendy Williams,Jonathanport,2024-11-26
1984,Mrs. Felicia Blanchard PhD,Robertfort,2025-04-06
1985,Eric Short,New Anna,2024-07-26
1986,Heidi Flores,Hortonport,2024-04-19
1987,Michael Carter,Allenside,2025-05-14
1988,Crystal Bell,Santosport,2024-08-20
1989,Charles Morris,Port Loriberg,2025-03-08
1990,Miss Rhonda Hughes DVM,Juanbury,2024-09-10
1991,Gloria Ball,Port Gloriastad,2024-10-15
1992,Brittany Scott,South Sarahshire,2024-11-07
1993,Shane Jimenez,North Hannah,2023-12-02
1994,Jesse Mcdonald,Port Michaelhaven,2024-04-15
1995,Sean Becker,North Matthew,2024-08-25
1996,Valerie Booker,Lake Kaylashire,2024-08-03
1997,Megan Austin,Katherinechester,2024-09-30
1998,Michael Taylor,Lake Laura,2024-12-16
1999,Sara Jefferson,Pruittland,2024-10-29
2000,Stacey Santos,South Sarah,2024-02-12
